ppm HF Concentration mole,X (m),Y (m),Z (m)
332886,54.78,78.73,41.34
382058,54.78,78.73,41.33
491937,54.78,78.73,41.33
55862,54.77,78.73,41.34
183668,54.78,78.73,41.34
553857,54.77,78.73,41.34
699310,54.78,78.73,41.33
216885,54.78,78.73,41.34
215283,54.78,78.73,41.34
707872,54.78,78.73,41.34
418110,54.78,78.73,41.34
448198,54.78,78.73,41.34
311892,54.78,78.73,41.34
70726,54.78,78.73,41.34
602425,54.78,78.73,41.34
515241,54.78,78.73,41.34
570853,54.78,78.73,41.34
721848,54.78,78.73,41.34
550343,54.78,78.73,41.33
721813,54.78,78.73,41.33
521907,54.78,78.73,41.33
631335,54.78,78.73,41.34
810517,54.78,78.73,41.34
532700,54.78,78.73,41.34
611314,54.78,78.73,41.33
469233,54.78,78.73,41.33
363330,54.78,78.73,41.33
356663,54.78,78.73,41.33
346040,54.78,78.73,41.34
171343,54.78,78.73,41.34
276741,54.78,78.73,41.34
247334,54.78,78.73,41.34
462294,54.77,78.73,41.34
1569,54.77,78.73,41.34
288208,54.77,78.73,41.34
450188,54.77,78.73,41.34
369930,54.77,78.73,41.34
240808,54.77,78.73,41.34
372208,54.77,78.73,41.34
318532,54.77,78.73,41.33
511334,54.77,78.73,41.33
182751,54.77,78.73,41.33
604627,54.77,78.73,41.33
462944,54.77,78.73,41.33
385444,54.77,78.73,41.33
543383,54.78,78.73,41.33
40566,54.77,78.73,41.33
218975,54.78,78.73,41.33
528132,54.78,78.73,41.33
348060,54.78,78.73,41.33
493893,54.78,78.73,41.33
260820,54.78,78.73,41.33
291584,54.78,78.73,41.33
152466,54.78,78.73,41.33
117443,54.78,78.73,41.33
29729,54.78,78.73,41.34
287,54.77,78.73,41.34
5944,54.77,78.73,41.34
76444,54.77,78.73,41.34
5757,54.77,78.73,41.34
1229,54.77,78.73,41.34
23316,54.78,78.73,41.34
6619,54.78,78.73,41.35
632548,54.78,78.73,41.34
321612,54.77,78.73,41.34
461712,54.77,78.73,41.34
378390,54.77,78.73,41.34
551096,54.77,78.73,41.34
438311,54.78,78.73,41.34
148196,54.78,78.73,41.34
604383,54.78,78.73,41.34
555579,54.77,78.73,41.34
272789,54.77,78.73,41.34
379496,54.77,78.73,41.34
505439,54.78,78.73,41.34
464805,54.77,78.73,41.34
646695,54.77,78.73,41.34
400671,54.77,78.73,41.33
545502,54.77,78.73,41.33
376169,54.78,78.73,41.34
251485,54.77,78.73,41.34
384478,54.77,78.73,41.34
525639,54.78,78.73,41.34
682709,54.78,78.73,41.34
198665,54.77,78.73,41.34
313904,54.77,78.73,41.34
447337,54.78,78.73,41.34
585183,54.78,78.73,41.34
588514,54.78,78.73,41.33
835850,54.78,78.73,41.33
321508,54.78,78.73,41.33
426858,54.78,78.73,41.33
477858,54.78,78.73,41.33
623206,54.78,78.73,41.33
466729,54.78,78.73,41.33
392831,54.78,78.73,41.33
198051,54.78,78.73,41.34
170877,54.78,78.73,41.34
215886,54.78,78.73,41.34
332557,54.78,78.73,41.34
631316,54.78,78.73,41.34
701286,54.78,78.73,41.34
327320,54.78,78.73,41.34
383416,54.78,78.73,41.34
504909,54.78,78.73,41.34
664298,54.78,78.73,41.34
388213,54.78,78.73,41.34
195575,54.78,78.73,41.34
54580,54.78,78.73,41.34
51827,54.78,78.73,41.34
13900,54.78,78.73,41.34
268210,54.78,78.73,41.33
624329,54.78,78.73,41.34
404089,54.78,78.73,41.34
370510,54.78,78.73,41.34
399836,54.78,78.73,41.34
554045,54.78,78.73,41.34
403264,54.78,78.73,41.34
362063,54.78,78.73,41.34
479328,54.78,78.73,41.34
421700,54.78,78.73,41.34
588586,54.78,78.73,41.34
235021,54.78,78.73,41.33
397887,54.78,78.73,41.33
339999,54.78,78.73,41.33
438600,54.78,78.73,41.33
293167,54.78,78.73,41.34
412243,54.78,78.73,41.34
501738,54.78,78.73,41.34
384150,54.78,78.73,41.34
265177,54.78,78.73,41.33
356170,54.78,78.73,41.33
367754,54.78,78.73,41.33
295515,54.78,78.73,41.33
317679,54.78,78.73,41.34
277017,54.78,78.73,41.33
285166,54.78,78.73,41.33
283528,54.78,78.73,41.34
301918,54.78,78.73,41.34
298767,54.78,78.73,41.34
269294,54.78,78.73,41.34
268504,54.78,78.73,41.34
246311,54.78,78.73,41.34
76019,54.78,78.73,41.34
118466,54.78,78.73,41.34
140344,54.78,78.73,41.34
162416,54.78,78.73,41.34
190878,54.78,78.73,41.34
212262,54.78,78.73,41.33
9,54.77,78.73,41.34
153054,54.77,78.73,41.34
54260,54.77,78.73,41.34
28917,54.77,78.73,41.34
230734,54.77,78.73,41.34
58600,54.77,78.73,41.34
200566,54.77,78.73,41.34
171736,54.77,78.73,41.34
71272,54.77,78.73,41.34
28,54.77,78.73,41.34
135778,54.77,78.73,41.34
145465,54.77,78.73,41.34
102538,54.77,78.73,41.34
152871,54.77,78.73,41.34
43342,54.77,78.73,41.33
80019,54.77,78.73,41.33
32035,54.77,78.73,41.33
46550,54.77,78.73,41.34
138681,54.77,78.73,41.34
94489,54.77,78.73,41.33
258148,54.77,78.73,41.33
406527,54.77,78.73,41.33
287362,54.77,78.73,41.33
415455,54.77,78.73,41.33
575368,54.77,78.73,41.33
53856,54.77,78.73,41.34
177853,54.77,78.73,41.34
313458,54.77,78.73,41.34
37778,54.77,78.73,41.34
99679,54.77,78.73,41.34
23573,54.77,78.73,41.33
156215,54.77,78.73,41.33
265621,54.77,78.73,41.33
180050,54.77,78.73,41.33
315987,54.77,78.73,41.33
31597,54.77,78.73,41.33
187743,54.77,78.73,41.33
22061,54.77,78.73,41.33
322720,54.77,78.73,41.33
451214,54.77,78.73,41.33
221422,54.77,78.73,41.33
338952,54.77,78.73,41.33
120919,54.77,78.73,41.33
190986,54.78,78.73,41.33
33000,54.78,78.73,41.33
41853,54.78,78.73,41.33
1237,54.77,78.73,41.33
2987,54.78,78.73,41.33
292,54.78,78.73,41.33
1036,54.78,78.73,41.33
137662,54.77,78.73,41.33
247875,54.77,78.73,41.33
384922,54.78,78.73,41.33
558575,54.78,78.73,41.33
62128,54.77,78.73,41.33
184565,54.77,78.73,41.33
307443,54.78,78.73,41.33
376130,54.78,78.73,41.33
104,54.78,78.73,41.33
87,54.78,78.73,41.33
4,54.78,78.73,41.33
26202,54.77,78.73,41.33
122,54.77,78.73,41.33
1133,54.77,78.73,41.33
2033,54.77,78.73,41.33
4434,54.78,78.73,41.33
1270,54.78,78.73,41.33
34547,54.78,78.73,41.33
28039,54.78,78.73,41.33
1288,54.78,78.73,41.33
22613,54.78,78.73,41.33
203485,54.78,78.73,41.33
91523,54.78,78.73,41.33
323211,54.78,78.73,41.33
325212,54.78,78.73,41.33
224552,54.78,78.73,41.33
168364,54.78,78.73,41.33
161386,54.78,78.73,41.33
132129,54.78,78.73,41.33
68307,54.78,78.73,41.33
16,54.78,78.73,41.33
45,54.78,78.73,41.33
46240,54.78,78.73,41.34
7034,54.78,78.73,41.34
944,54.78,78.73,41.35
19,54.77,78.73,41.34
3930,54.77,78.73,41.34
20422,54.77,78.73,41.34
435,54.77,78.73,41.34
5,54.77,78.73,41.35
125,54.77,78.73,41.35
11936,54.77,78.73,41.34
1733,54.77,78.73,41.34
92,54.77,78.73,41.35
183,54.78,78.73,41.35
19,54.77,78.73,41.35
160,54.78,78.74,41.35
1045,54.78,78.74,41.35
23627,54.78,78.73,41.34
749,54.78,78.73,41.35
5186,54.78,78.74,41.34
4182,54.78,78.73,41.35
316462,54.77,78.73,41.34
450038,54.78,78.73,41.34
266507,54.77,78.73,41.34
377795,54.78,78.73,41.34
83756,54.77,78.73,41.34
155644,54.77,78.73,41.34
100218,54.77,78.73,41.34
200185,54.77,78.73,41.34
145107,54.78,78.73,41.34
204480,54.78,78.73,41.34
72646,54.77,78.73,41.34
230290,54.77,78.73,41.34
27486,54.77,78.73,41.34
156239,54.77,78.73,41.34
53485,54.77,78.73,41.34
104666,54.77,78.73,41.34
201049,54.78,78.73,41.34
150446,54.77,78.73,41.34
264861,54.77,78.73,41.34
122309,54.77,78.73,41.33
207620,54.77,78.73,41.33
128081,54.77,78.73,41.34
58287,54.77,78.73,41.34
120487,54.77,78.73,41.34
201979,54.77,78.73,41.34
316431,54.78,78.73,41.34
39979,54.77,78.73,41.34
90819,54.77,78.73,41.34
160179,54.77,78.73,41.34
249256,54.78,78.73,41.34
241959,54.78,78.73,41.33
358378,54.78,78.73,41.33
96859,54.77,78.73,41.33
162144,54.78,78.73,41.33
168335,54.78,78.73,41.33
266637,54.78,78.73,41.33
187450,54.78,78.73,41.33
136428,54.78,78.73,41.33
66023,54.78,78.73,41.34
116069,54.78,78.73,41.34
200484,54.78,78.73,41.34
96731,54.78,78.74,41.34
261623,54.78,78.73,41.34
372454,54.78,78.73,41.34
93225,54.78,78.73,41.34
157228,54.78,78.73,41.34
206882,54.78,78.73,41.34
304276,54.78,78.73,41.34
192269,54.78,78.73,41.34
70940,54.78,78.74,41.34
37646,54.78,78.73,41.34
43447,54.78,78.73,41.34
57486,54.78,78.74,41.34
7973,54.78,78.74,41.34
9867,54.78,78.73,41.35
3335,54.78,78.74,41.35
142339,54.78,78.73,41.33
109656,54.78,78.73,41.33
98538,54.78,78.73,41.33
345554,54.78,78.73,41.34
313808,54.78,78.73,41.34
210057,54.78,78.73,41.34
155839,54.78,78.73,41.34
272650,54.78,78.73,41.34
298945,54.78,78.73,41.34
124988,54.78,78.73,41.34
197095,54.78,78.73,41.34
163748,54.78,78.73,41.34
246114,54.78,78.73,41.34
81276,54.78,78.73,41.33
125716,54.78,78.73,41.33
180366,54.78,78.73,41.33
234596,54.78,78.73,41.33
102645,54.78,78.73,41.34
154309,54.78,78.73,41.34
226999,54.78,78.73,41.34
273387,54.78,78.73,41.34
762,54.78,78.74,41.35
142413,54.78,78.73,41.33
188930,54.78,78.73,41.33
254578,54.78,78.73,41.33
274250,54.78,78.73,41.33
190793,54.78,78.73,41.33
226699,54.78,78.73,41.33
186399,54.78,78.73,41.34
153043,54.78,78.73,41.34
185250,54.78,78.73,41.33
131418,54.78,78.73,41.33
222626,54.79,78.73,41.33
229598,54.79,78.73,41.34
164378,54.78,78.73,41.34
247442,54.78,78.73,41.34
171313,54.78,78.73,41.34
226879,54.78,78.73,41.34
222071,54.79,78.73,41.34
172186,54.78,78.73,41.34
206994,54.78,78.73,41.34
181933,54.78,78.73,41.34
113717,54.78,78.74,41.34
111855,54.78,78.74,41.34
198009,54.78,78.73,41.34
47994,54.78,78.74,41.34
52085,54.78,78.73,41.34
70563,54.78,78.74,41.34
112943,54.78,78.73,41.34
126027,54.78,78.73,41.34
92090,54.78,78.74,41.34
151729,54.78,78.73,41.34
51759,54.78,78.74,41.34
129838,54.78,78.73,41.33
73603,54.78,78.73,41.33
161288,54.78,78.73,41.33
70,54.77,78.73,41.34
1390,54.77,78.73,41.34
291,54.77,78.73,41.34
8539,54.77,78.73,41.34
558,54.77,78.73,41.34
15985,54.77,78.73,41.34
1517,54.77,78.73,41.34
23957,54.77,78.73,41.34
8067,54.77,78.73,41.34
1206,54.77,78.73,41.34
2,54.77,78.73,41.34
969,54.77,78.73,41.34
1878,54.77,78.73,41.34
1567,54.77,78.73,41.34
2368,54.77,78.73,41.34
2884,54.77,78.73,41.34
11246,54.77,78.73,41.33
415,54.77,78.73,41.33
2781,54.77,78.73,41.33
42,54.77,78.73,41.33
2106,54.77,78.73,41.34
16453,54.77,78.73,41.34
2600,54.77,78.73,41.33
32042,54.77,78.73,41.33
108688,54.77,78.73,41.33
10389,54.77,78.73,41.33
113793,54.77,78.73,41.33
211121,54.77,78.73,41.33
1266,54.77,78.73,41.34
20379,54.77,78.73,41.34
74308,54.77,78.73,41.34
1777,54.77,78.73,41.34
15503,54.77,78.73,41.34
512,54.77,78.73,41.33
10900,54.77,78.73,41.33
59997,54.77,78.73,41.33
9461,54.77,78.73,41.33
64851,54.77,78.73,41.33
832,54.77,78.73,41.33
15892,54.77,78.73,41.33
284,54.77,78.73,41.33
89330,54.77,78.73,41.33
153872,54.77,78.73,41.33
43560,54.77,78.73,41.33
99330,54.77,78.73,41.33
9214,54.77,78.73,41.33
29594,54.77,78.73,41.33
59398,54.78,78.73,41.33
62778,54.78,78.73,41.33
142,54.77,78.73,41.33
793,54.77,78.73,41.33
1490,54.78,78.73,41.33
1457,54.78,78.73,41.33
25899,54.77,78.73,41.33
56842,54.77,78.73,41.33
127481,54.78,78.73,41.33
200901,54.78,78.73,41.33
7571,54.77,78.73,41.33
26506,54.77,78.73,41.33
78416,54.78,78.73,41.33
136248,54.78,78.73,41.33
95,54.78,78.73,41.33
10,54.77,78.73,41.33
24,54.78,78.73,41.33
1392,54.77,78.73,41.33
9,54.77,78.73,41.33
12,54.77,78.73,41.33
22,54.77,78.73,41.33
1211,54.78,78.73,41.33
17696,54.78,78.73,41.33
2140,54.78,78.73,41.33
578,54.78,78.73,41.33
1187,54.78,78.73,41.33
30897,54.78,78.73,41.33
19566,54.78,78.73,41.33
847,54.78,78.73,41.33
12501,54.78,78.73,41.33
89048,54.78,78.73,41.33
35979,54.78,78.73,41.33
100589,54.78,78.73,41.33
159593,54.78,78.73,41.33
72539,54.78,78.73,41.33
71729,54.78,78.73,41.33
52576,54.78,78.73,41.33
68673,54.78,78.73,41.33
28405,54.78,78.73,41.33
2,54.78,78.73,41.32
60,54.78,78.73,41.33
38,54.78,78.73,41.33
29,54.78,78.73,41.33
3,54.78,78.73,41.32
46,54.78,78.73,41.33
8818,54.78,78.73,41.34
1102,54.77,78.74,41.35
122,54.77,78.73,41.35
173,54.77,78.73,41.34
3161,54.77,78.73,41.34
12,54.77,78.73,41.34
372,54.77,78.73,41.34
5,54.77,78.73,41.35
2411,54.77,78.74,41.34
309,54.77,78.74,41.35
164,54.78,78.74,41.35
24,54.77,78.74,41.35
2,54.77,78.73,41.35
48,54.77,78.74,41.35
2,54.77,78.73,41.35
22,54.78,78.74,41.35
232,54.78,78.74,41.35
701,54.78,78.74,41.35
128,54.78,78.74,41.35
6034,54.78,78.74,41.34
14933,54.78,78.74,41.34
1275,54.78,78.74,41.35
3734,54.78,78.74,41.35
92832,54.77,78.73,41.34
165567,54.78,78.73,41.34
69909,54.77,78.73,41.34
131546,54.78,78.73,41.34
11039,54.77,78.73,41.34
35355,54.77,78.73,41.34
9425,54.77,78.73,41.34
39551,54.77,78.73,41.34
22983,54.77,78.73,41.34
45170,54.78,78.73,41.34
4628,54.77,78.73,41.34
31521,54.77,78.73,41.34
1282,54.77,78.73,41.34
16359,54.77,78.73,41.34
8589,54.77,78.74,41.34
15031,54.77,78.74,41.34
62113,54.78,78.73,41.34
32067,54.77,78.73,41.34
66683,54.77,78.73,41.34
24765,54.77,78.73,41.33
55282,54.77,78.73,41.33
33246,54.77,78.73,41.34
8415,54.77,78.73,41.34
25748,54.77,78.73,41.34
55486,54.77,78.73,41.34
96630,54.78,78.73,41.34
7571,54.77,78.73,41.34
19377,54.77,78.73,41.34
42260,54.77,78.73,41.34
78158,54.78,78.73,41.34
72154,54.77,78.73,41.33
117056,54.78,78.73,41.33
27082,54.77,78.73,41.33
48866,54.78,78.73,41.33
45589,54.77,78.73,41.33
83565,54.78,78.73,41.33
60862,54.78,78.73,41.33
44342,54.78,78.73,41.33
12449,54.78,78.74,41.34
31035,54.78,78.74,41.34
15772,54.78,78.74,41.34
94292,54.78,78.74,41.34
34954,54.78,78.74,41.34
81591,54.78,78.73,41.34
130039,54.78,78.73,41.34
22379,54.78,78.74,41.34
43542,54.78,78.74,41.34
64945,54.78,78.73,41.34
107435,54.78,78.73,41.34
66068,54.78,78.74,41.34
21485,54.78,78.74,41.34
49289,54.78,78.74,41.34
26790,54.78,78.74,41.34
34311,54.78,78.73,41.34
29255,54.78,78.74,41.34
7358,54.78,78.74,41.34
8886,54.78,78.74,41.35
8837,54.78,78.74,41.34
2981,54.78,78.74,41.35
18163,54.78,78.74,41.34
596,54.78,78.74,41.35
2314,54.78,78.74,41.35
54436,54.78,78.73,41.33
76633,54.78,78.73,41.33
39091,54.78,78.73,41.33
56549,54.78,78.73,41.33
34376,54.78,78.73,41.33
128697,54.78,78.73,41.34
184195,54.78,78.73,41.34
81874,54.78,78.74,41.34
57621,54.78,78.74,41.34
104104,54.78,78.73,41.34
144243,54.78,78.73,41.34
95275,54.78,78.74,41.34
44335,54.78,78.74,41.34
78787,54.78,78.74,41.34
41133,54.78,78.73,41.34
67662,54.78,78.73,41.34
50464,54.78,78.73,41.34
84648,54.78,78.73,41.34
26523,54.78,78.73,41.33
44787,54.78,78.73,41.33
69793,54.78,78.73,41.33
97078,54.78,78.73,41.33
33300,54.78,78.73,41.34
55901,54.78,78.73,41.34
85114,54.78,78.73,41.34
118676,54.78,78.73,41.34
65753,54.78,78.74,41.34
54157,54.78,78.74,41.33
7,54.77,78.74,41.35
669,54.78,78.74,41.35
142,54.78,78.74,41.35
7,54.78,78.74,41.35
30,54.78,78.74,41.35
145,54.78,78.74,41.35
75126,54.78,78.73,41.33
101380,54.78,78.73,41.33
156340,54.78,78.73,41.33
212066,54.79,78.73,41.33
117615,54.78,78.73,41.33
179105,54.79,78.73,41.33
123203,54.79,78.73,41.34
86934,54.78,78.73,41.34
115500,54.79,78.73,41.33
72447,54.78,78.74,41.33
178145,54.79,78.73,41.33
182860,54.79,78.73,41.34
117993,54.79,78.73,41.34
96692,54.78,78.74,41.34
99947,54.78,78.74,41.34
179053,54.79,78.73,41.34
182477,54.79,78.73,41.34
44303,54.78,78.74,41.34
52449,54.78,78.74,41.34
99892,54.78,78.74,41.34
85677,54.78,78.74,41.34
164367,54.79,78.73,41.34
149037,54.79,78.73,41.34
63772,54.78,78.74,41.34
64795,54.78,78.74,41.34
32678,54.78,78.74,41.34
45665,54.78,78.74,41.34
40969,54.78,78.74,41.34
59662,54.78,78.74,41.34
16261,54.78,78.74,41.35
98859,54.78,78.74,41.34
54575,54.78,78.74,41.34
127325,54.78,78.74,41.34
27258,54.78,78.74,41.34
123043,54.79,78.74,41.34
19162,54.78,78.73,41.33
46325,54.78,78.73,41.33
72559,54.78,78.73,41.33
26383,54.78,78.73,41.33
32,54.78,78.73,41.33
220,54.78,78.73,41.33
1198,54.78,78.73,41.33
14744,54.78,78.73,41.33
58571,54.79,78.73,41.33
128081,54.79,78.73,41.33
3,54.78,78.73,41.32
3,54.77,78.73,41.34
13,54.77,78.73,41.34
113,54.77,78.73,41.34
10,54.77,78.73,41.34
10,54.77,78.73,41.34
573,54.77,78.73,41.34
31,54.77,78.73,41.34
1170,54.77,78.73,41.34
189,54.77,78.73,41.34
27,54.77,78.73,41.34
7,54.77,78.73,41.34
19,54.77,78.73,41.34
10,54.77,78.73,41.34
37,54.77,78.73,41.34
38,54.77,78.73,41.34
124,54.77,78.73,41.33
3,54.77,78.73,41.33
28,54.77,78.73,41.33
54,54.77,78.73,41.34
1386,54.77,78.73,41.34
44,54.77,78.73,41.33
1757,54.77,78.73,41.33
14419,54.77,78.73,41.33
187,54.77,78.73,41.33
6915,54.77,78.73,41.33
38920,54.77,78.73,41.33
20,54.77,78.73,41.34
996,54.77,78.73,41.34
9694,54.77,78.73,41.34
50,54.77,78.73,41.34
1241,54.77,78.73,41.34
8,54.77,78.73,41.33
466,54.77,78.73,41.33
6259,54.77,78.73,41.33
266,54.77,78.73,41.33
5323,54.77,78.73,41.33
18,54.77,78.73,41.33
629,54.77,78.73,41.33
3,54.77,78.73,41.33
16167,54.77,78.73,41.33
38328,54.77,78.73,41.33
7443,54.77,78.73,41.33
20796,54.77,78.73,41.33
725,54.77,78.73,41.33
4048,54.77,78.73,41.33
8186,54.78,78.73,41.33
23090,54.78,78.73,41.33
17,54.77,78.73,41.33
137,54.77,78.73,41.33
524,54.78,78.73,41.33
1083,54.78,78.73,41.33
3054,54.77,78.73,41.33
11922,54.77,78.73,41.33
27346,54.77,78.73,41.33
59396,54.78,78.73,41.33
473,54.77,78.73,41.33
3772,54.77,78.73,41.33
12519,54.77,78.73,41.33
29900,54.78,78.73,41.33
2,54.77,78.73,41.33
13,54.78,78.73,41.33
28,54.78,78.73,41.33
33,54.77,78.73,41.33
689,54.78,78.73,41.33
7721,54.78,78.73,41.33
732,54.78,78.73,41.33
955,54.78,78.73,41.33
9045,54.78,78.73,41.33
15359,54.78,78.73,41.33
707,54.78,78.73,41.33
7389,54.78,78.73,41.33
34176,54.78,78.73,41.33
12397,54.78,78.73,41.33
29639,54.78,78.73,41.33
49096,54.78,78.73,41.33
24452,54.78,78.73,41.33
24138,54.78,78.73,41.33
12577,54.78,78.73,41.33
21244,54.78,78.73,41.33
9093,54.78,78.73,41.33
3,54.78,78.73,41.32
51,54.78,78.73,41.33
2,54.78,78.73,41.32
29,54.78,78.73,41.33
43,54.78,78.73,41.33
2,54.78,78.73,41.32
46,54.78,78.73,41.33
1633,54.77,78.74,41.34
320,54.77,78.74,41.35
8,54.77,78.74,41.34
206,54.77,78.74,41.34
31,54.77,78.74,41.35
193,54.77,78.74,41.34
41,54.77,78.74,41.35
43,54.77,78.74,41.35
4,54.77,78.74,41.35
7,54.77,78.74,41.35
49,54.78,78.74,41.35
192,54.78,78.74,41.35
1031,54.78,78.74,41.34
3501,54.78,78.74,41.34
284,54.78,78.74,41.35
1084,54.78,78.74,41.35
2116,54.78,78.74,41.34
809,54.78,78.74,41.35
18791,54.77,78.74,41.34
43596,54.78,78.73,41.34
17246,54.77,78.74,41.34
35329,54.78,78.73,41.34
843,54.77,78.74,41.34
5905,54.77,78.74,41.34
490,54.77,78.74,41.34
5184,54.77,78.74,41.34
4640,54.77,78.74,41.34
7940,54.77,78.74,41.34
183,54.77,78.74,41.34
2714,54.77,78.74,41.34
47,54.77,78.74,41.34
954,54.77,78.74,41.34
690,54.77,78.74,41.34
1711,54.77,78.74,41.34
18144,54.78,78.73,41.34
5467,54.77,78.73,41.34
15798,54.77,78.73,41.34
3853,54.77,78.73,41.33
12200,54.77,78.73,41.33
8775,54.77,78.74,41.34
923,54.77,78.74,41.34
4835,54.77,78.74,41.34
13290,54.77,78.74,41.34
28123,54.78,78.73,41.34
875,54.77,78.74,41.34
4222,54.77,78.74,41.34
10630,54.77,78.74,41.34
22276,54.78,78.73,41.34
18798,54.77,78.73,41.33
36198,54.78,78.73,41.33
6881,54.77,78.74,41.33
14554,54.78,78.73,41.33
11206,54.77,78.73,41.33
23608,54.78,78.73,41.33
19708,54.78,78.73,41.33
13413,54.78,78.73,41.33
8491,54.78,78.74,41.34
2533,54.78,78.74,41.34
7032,54.78,78.74,41.34
3990,54.78,78.74,41.34
34536,54.78,78.74,41.34
11124,54.78,78.74,41.34
22535,54.78,78.74,41.34
42026,54.78,78.74,41.34
4311,54.78,78.74,41.34
11234,54.78,78.74,41.34
19366,54.78,78.74,41.34
35388,54.78,78.74,41.34
21876,54.78,78.74,41.34
5832,54.78,78.74,41.34
18504,54.78,78.74,41.34
26593,54.78,78.74,41.34
5944,54.78,78.74,41.34
24648,54.78,78.74,41.34
17456,54.78,78.74,41.34
15307,54.78,78.74,41.34
5167,54.78,78.74,41.35
7954,54.78,78.74,41.35
4724,54.78,78.74,41.34
5110,54.78,78.74,41.34
2209,54.78,78.74,41.35
9801,54.78,78.74,41.34
1203,54.78,78.74,41.35
559,54.78,78.74,41.35
550,54.78,78.74,41.35
1728,54.78,78.74,41.35
1313,54.78,78.74,41.34
584,54.78,78.74,41.35
42539,54.78,78.74,41.33
30009,54.78,78.74,41.33
16826,54.78,78.74,41.33
5776,54.78,78.74,41.33
19780,54.78,78.74,41.33
30446,54.78,78.74,41.33
13458,54.78,78.74,41.33
21152,54.78,78.74,41.33
11616,54.78,78.74,41.33
47177,54.78,78.74,41.34
69488,54.78,78.74,41.34
31171,54.78,78.74,41.34
19479,54.78,78.74,41.34
38745,54.78,78.74,41.34
57858,54.78,78.74,41.34
38590,54.78,78.74,41.34
17086,54.78,78.74,41.34
32803,54.78,78.74,41.34
12881,54.78,78.74,41.34
23425,54.78,78.74,41.34
15634,54.78,78.74,41.34
28555,54.78,78.74,41.34
8589,54.78,78.74,41.33
15514,54.78,78.74,41.33
25943,54.78,78.74,41.33
39526,54.78,78.74,41.33
10700,54.78,78.74,41.34
19304,54.78,78.74,41.34
32176,54.78,78.74,41.34
48294,54.78,78.74,41.34
21840,54.78,78.74,41.34
27624,54.78,78.74,41.34
37088,54.78,78.74,41.34
18692,54.78,78.74,41.34
22409,54.78,78.74,41.33
30664,54.78,78.74,41.33
8,54.77,78.74,41.35
2,54.77,78.74,41.35
41,54.78,78.74,41.35
200,54.78,78.74,41.35
12,54.78,78.74,41.35
2,54.77,78.74,41.35
6,54.78,78.74,41.35
38,54.78,78.74,41.35
190,54.78,78.74,41.35
122,54.78,78.74,41.35
147,54.78,78.74,41.35
29,54.78,78.74,41.35
40351,54.78,78.74,41.33
56289,54.78,78.74,41.33
95294,54.79,78.73,41.33
169330,54.79,78.73,41.33
70919,54.79,78.73,41.33
144867,54.79,78.73,41.33
77462,54.79,78.74,41.34
49726,54.79,78.74,41.34
70850,54.79,78.74,41.33
41199,54.79,78.74,41.33
145705,54.79,78.73,41.33
149104,54.79,78.73,41.34
79258,54.79,78.74,41.34
57328,54.79,78.74,41.34
60148,54.79,78.74,41.34
153701,54.79,78.73,41.34
149669,54.79,78.73,41.34
141316,54.79,78.73,41.34
21673,54.78,78.74,41.34
25560,54.78,78.74,41.34
29720,54.78,78.74,41.34
10907,54.78,78.74,41.34
12529,54.78,78.74,41.34
60303,54.79,78.74,41.34
55103,54.79,78.74,41.34
135090,54.79,78.73,41.34
122062,54.79,78.74,41.34
34519,54.78,78.74,41.34
36566,54.78,78.74,41.34
13966,54.78,78.74,41.34
14752,54.78,78.74,41.34
20801,54.78,78.74,41.34
41110,54.78,78.74,41.34
22883,54.78,78.74,41.34
7453,54.78,78.74,41.34
38049,54.78,78.74,41.34
11737,54.78,78.74,41.35
84901,54.78,78.74,41.34
32788,54.78,78.74,41.34
14807,54.78,78.74,41.34
43845,54.79,78.74,41.34
100909,54.79,78.74,41.34
578,54.78,78.73,41.33
4730,54.78,78.73,41.33
5622,54.78,78.73,41.33
592,54.78,78.73,41.33
9284,54.78,78.74,41.33
23170,54.78,78.74,41.33
41354,54.79,78.73,41.33
15671,54.79,78.73,41.33
4,54.78,78.73,41.32
52,54.78,78.73,41.33
90,54.78,78.73,41.33
71,54.79,78.73,41.33
1254,54.79,78.73,41.33
12804,54.79,78.73,41.33
48952,54.79,78.73,41.33
103889,54.79,78.73,41.33
3,54.79,78.73,41.32
2,54.77,78.73,41.34
19,54.77,78.74,41.34
42,54.77,78.74,41.34
6,54.77,78.74,41.34
59,54.77,78.74,41.34
53,54.77,78.73,41.33
1192,54.77,78.73,41.33
3,54.77,78.73,41.33
225,54.77,78.73,41.33
4066,54.77,78.73,41.33
26,54.77,78.73,41.34
732,54.77,78.73,41.34
48,54.77,78.74,41.34
13,54.77,78.73,41.33
408,54.77,78.73,41.33
6,54.77,78.73,41.33
249,54.77,78.73,41.33
23,54.77,78.73,41.33
2454,54.77,78.73,41.33
8078,54.77,78.73,41.33
846,54.77,78.73,41.33
4263,54.77,78.73,41.33
2,54.77,78.74,41.35
34,54.77,78.73,41.33
412,54.77,78.73,41.33
1955,54.77,78.73,41.33
3645,54.78,78.73,41.33
19,54.77,78.73,41.33
114,54.77,78.73,41.33
338,54.78,78.73,41.33
220,54.77,78.73,41.33
1796,54.77,78.73,41.33
6124,54.77,78.73,41.33
14496,54.78,78.73,41.33
27,54.77,78.73,41.33
347,54.77,78.73,41.33
1974,54.77,78.73,41.33
6156,54.78,78.73,41.33
4,54.77,78.73,41.33
14,54.78,78.73,41.33
502,54.78,78.73,41.33
3559,54.78,78.73,41.33
220,54.78,78.73,41.33
484,54.78,78.73,41.33
1967,54.78,78.73,41.33
4116,54.78,78.73,41.33
313,54.78,78.73,41.33
2038,54.78,78.73,41.33
12069,54.78,78.74,41.33
4224,54.78,78.74,41.33
7755,54.78,78.73,41.33
14775,54.78,78.73,41.33
7701,54.78,78.74,41.33
7568,54.78,78.74,41.33
3058,54.78,78.73,41.33
5692,54.78,78.73,41.33
2816,54.78,78.74,41.33
3,54.78,78.73,41.32
44,54.78,78.73,41.33
14,54.78,78.73,41.33
30,54.78,78.73,41.33
2,54.78,78.73,41.32
28,54.78,78.73,41.33
1739,54.78,78.74,41.33
333,54.78,78.74,41.33
40,54.78,78.74,41.33
4,54.78,78.74,41.32
172,54.77,78.74,41.34
48,54.77,78.74,41.35
13,54.77,78.74,41.34
3,54.77,78.74,41.35
18,54.77,78.74,41.34
6,54.77,78.74,41.35
10,54.77,78.74,41.35
12,54.77,78.74,41.35
56,54.78,78.74,41.35
59,54.78,78.74,41.35
148,54.77,78.74,41.34
672,54.78,78.74,41.34
49,54.77,78.74,41.35
229,54.78,78.74,41.35
457,54.78,78.74,41.34
181,54.78,78.74,41.35
2974,54.77,78.74,41.34
9837,54.77,78.74,41.34
3364,54.77,78.74,41.34
9260,54.77,78.74,41.34
46,54.77,78.74,41.34
602,54.77,78.74,41.34
25,54.77,78.74,41.34
385,54.77,78.74,41.34
497,54.77,78.74,41.34
1079,54.77,78.74,41.34
9,54.77,78.74,41.34
165,54.77,78.74,41.34
2,54.77,78.74,41.34
53,54.77,78.74,41.34
55,54.77,78.74,41.34
145,54.77,78.74,41.34
5417,54.77,78.74,41.34
626,54.77,78.74,41.34
3399,54.77,78.74,41.34
423,54.77,78.74,41.33
2526,54.77,78.74,41.33
2340,54.77,78.74,41.34
58,54.77,78.74,41.34
687,54.77,78.74,41.34
3060,54.77,78.74,41.34
7678,54.77,78.74,41.34
53,54.77,78.74,41.34
761,54.77,78.74,41.34
2758,54.77,78.74,41.34
6453,54.77,78.74,41.34
4660,54.77,78.74,41.33
10313,54.78,78.73,41.33
1786,54.77,78.74,41.33
4284,54.77,78.74,41.33
2714,54.77,78.74,41.33
6554,54.78,78.73,41.33
6255,54.78,78.74,41.33
4060,54.78,78.74,41.33
62,54.78,78.74,41.35
2282,54.78,78.74,41.34
361,54.77,78.74,41.34
1441,54.78,78.74,41.34
871,54.78,78.74,41.34
319,54.78,78.74,41.34
147,54.78,78.74,41.35
11560,54.78,78.74,41.34
3129,54.78,78.74,41.34
5304,54.78,78.74,41.34
11809,54.78,78.74,41.34
675,54.77,78.74,41.34
2359,54.78,78.74,41.34
5279,54.78,78.74,41.34
10790,54.78,78.74,41.34
6358,54.78,78.74,41.34
1367,54.78,78.74,41.34
1337,54.78,78.74,41.34
6205,54.78,78.74,41.34
10026,54.78,78.74,41.34
1735,54.78,78.74,41.34
3248,54.78,78.74,41.34
9421,54.78,78.74,41.34
5354,54.78,78.74,41.34
5612,54.78,78.74,41.34
10313,54.78,78.74,41.34
8376,54.78,78.74,41.34
4183,54.78,78.74,41.35
6480,54.78,78.74,41.35
2723,54.78,78.74,41.34
3024,54.78,78.74,41.34
1497,54.78,78.74,41.35
5463,54.78,78.74,41.34
1136,54.78,78.74,41.35
121,54.78,78.74,41.35
114,54.78,78.74,41.35
488,54.78,78.74,41.35
476,54.78,78.74,41.35
1724,54.78,78.74,41.35
845,54.78,78.74,41.34
423,54.78,78.74,41.35
165,54.78,78.74,41.35
17001,54.78,78.74,41.33
11339,54.78,78.74,41.33
23616,54.78,78.74,41.33
17667,54.78,78.74,41.33
16049,54.78,78.74,41.33
6096,54.78,78.74,41.33
2062,54.78,78.74,41.33
8440,54.78,78.74,41.33
2909,54.78,78.74,41.33
6890,54.78,78.74,41.33
11198,54.78,78.74,41.33
4403,54.78,78.74,41.33
7335,54.78,78.74,41.33
3936,54.78,78.74,41.33
16482,54.78,78.74,41.34
26316,54.78,78.74,41.34
10631,54.78,78.74,41.34
6037,54.78,78.74,41.34
13893,54.78,78.74,41.34
22193,54.78,78.74,41.34
14962,54.78,78.74,41.34
5946,54.78,78.74,41.34
12783,54.78,78.74,41.34
4219,54.78,78.74,41.34
7989,54.78,78.74,41.34
4826,54.78,78.74,41.34
9345,54.78,78.74,41.34
3595,54.78,78.74,41.34
2877,54.78,78.74,41.33
5410,54.78,78.74,41.33
9380,54.78,78.74,41.33
15009,54.78,78.74,41.33
6727,54.78,78.74,41.34
11664,54.78,78.74,41.34
18621,54.78,78.74,41.34
8480,54.78,78.74,41.34
8445,54.78,78.74,41.33
10542,54.78,78.74,41.34
15346,54.78,78.74,41.34
7388,54.78,78.74,41.34
12302,54.78,78.74,41.33
9258,54.78,78.74,41.34
7421,54.78,78.74,41.33
4542,54.78,78.74,41.34
4952,54.78,78.74,41.34
2,54.77,78.74,41.35
13,54.78,78.74,41.35
18,54.78,78.74,41.35
41,54.78,78.74,41.35
3,54.77,78.74,41.35
3,54.78,78.74,41.35
53,54.78,78.74,41.35
46,54.78,78.74,41.35
5,54.78,78.74,41.35
20,54.78,78.74,41.35
25,54.78,78.74,41.35
4,54.78,78.74,41.35
21717,54.79,78.74,41.33
31549,54.79,78.74,41.33
56839,54.79,78.73,41.33
41236,54.79,78.73,41.33
112997,54.79,78.73,41.33
48414,54.79,78.74,41.34
29046,54.79,78.74,41.34
43247,54.79,78.74,41.33
23649,54.79,78.74,41.33
122178,54.79,78.73,41.33
125362,54.79,78.73,41.34
50389,54.79,78.74,41.34
48293,54.79,78.74,41.34
34807,54.79,78.74,41.34
37576,54.79,78.74,41.34
124810,54.79,78.73,41.34
121262,54.79,78.74,41.34
12607,54.79,78.74,41.34
14983,54.79,78.74,41.34
17177,54.79,78.74,41.34
6422,54.78,78.74,41.34
7262,54.78,78.74,41.34
37077,54.79,78.74,41.34
34088,54.79,78.74,41.34
113126,54.79,78.74,41.34
102571,54.79,78.74,41.34
19486,54.79,78.74,41.34
20726,54.79,78.74,41.34
8002,54.78,78.74,41.34
8379,54.78,78.74,41.34
13655,54.78,78.74,41.34
35537,54.78,78.74,41.34
13321,54.78,78.74,41.34
5626,54.78,78.74,41.34
23458,54.78,78.74,41.34
42735,54.78,78.74,41.34
11647,54.78,78.74,41.35
72566,54.79,78.74,41.34
62070,54.79,78.74,41.34
19241,54.79,78.74,41.34
8282,54.78,78.74,41.34
28308,54.79,78.74,41.34
85616,54.79,78.74,41.34
63764,54.79,78.74,41.34
3252,54.78,78.74,41.35
436,54.78,78.74,41.33
2682,54.78,78.74,41.33
3775,54.79,78.73,41.33
497,54.79,78.73,41.33
4620,54.79,78.74,41.33
11612,54.79,78.74,41.33
21550,54.79,78.73,41.33
8371,54.79,78.73,41.33
5,54.78,78.74,41.32
50,54.78,78.73,41.33
53,54.79,78.73,41.33
5,54.79,78.73,41.32
73,54.79,78.73,41.33
1075,54.79,78.73,41.33
10037,54.79,78.73,41.33
54325,54.79,78.73,41.33
57,54.77,78.73,41.33
5,54.77,78.73,41.33
223,54.77,78.73,41.33
27,54.77,78.74,41.34
10,54.77,78.74,41.33
9,54.77,78.73,41.33
243,54.77,78.74,41.33
1632,54.77,78.74,41.33
68,54.77,78.74,41.33
746,54.77,78.74,41.33
32,54.77,78.73,41.33
249,54.77,78.73,41.33
1019,54.78,78.73,41.33
17,54.77,78.73,41.33
87,54.78,78.73,41.33
14,54.77,78.74,41.33
213,54.77,78.74,41.33
1149,54.77,78.74,41.33
3370,54.78,78.73,41.33
33,54.77,78.74,41.33
259,54.77,78.74,41.33
1099,54.78,78.73,41.33
4,54.78,78.73,41.33
199,54.78,78.74,41.33
1061,54.78,78.74,41.33
63,54.78,78.73,41.33
149,54.78,78.73,41.33
560,54.78,78.73,41.33
1100,54.78,78.73,41.33
106,54.78,78.74,41.33
632,54.78,78.74,41.33
3903,54.78,78.74,41.33
1443,54.78,78.74,41.33
633,54.78,78.74,41.33
1906,54.78,78.74,41.33
3930,54.78,78.74,41.33
2476,54.78,78.74,41.33
2309,54.78,78.74,41.33
1543,54.78,78.74,41.33
940,54.78,78.74,41.33
2,54.78,78.74,41.32
25,54.78,78.74,41.33
4,54.78,78.73,41.33
13,54.78,78.73,41.33
13,54.78,78.74,41.33
574,54.78,78.74,41.33
876,54.78,78.74,41.33
126,54.78,78.74,41.33
216,54.78,78.74,41.33
21,54.78,78.74,41.33
34,54.78,78.74,41.33
3,54.78,78.74,41.32
5,54.78,78.74,41.32
25,54.77,78.74,41.34
10,54.77,78.74,41.35
3,54.77,78.74,41.34
3,54.77,78.74,41.35
5,54.77,78.74,41.35
15,54.78,78.74,41.35
17,54.78,78.74,41.35
31,54.77,78.74,41.34
121,54.78,78.74,41.34
14,54.77,78.74,41.35
48,54.78,78.74,41.35
104,54.78,78.74,41.34
46,54.78,78.74,41.35
300,54.77,78.74,41.34
1733,54.77,78.74,41.34
455,54.77,78.74,41.34
2037,54.77,78.74,41.34
48,54.77,78.74,41.34
26,54.77,78.74,41.34
55,54.77,78.74,41.34
120,54.77,78.74,41.34
11,54.77,78.74,41.34
4,54.77,78.74,41.34
6,54.77,78.74,41.34
13,54.77,78.74,41.34
1677,54.77,78.74,41.34
28,54.77,78.74,41.33
36,54.77,78.74,41.34
621,54.77,78.74,41.34
444,54.77,78.74,41.33
594,54.77,78.74,41.34
436,54.77,78.74,41.33
73,54.77,78.74,41.34
622,54.77,78.74,41.34
2122,54.77,78.74,41.34
104,54.77,78.74,41.34
667,54.77,78.74,41.34
1953,54.77,78.74,41.34
640,54.77,78.74,41.33
1175,54.77,78.74,41.33
2918,54.77,78.74,41.33
1299,54.77,78.74,41.33
1803,54.77,78.74,41.33
2095,54.78,78.74,41.33
1334,54.78,78.74,41.33
59,54.78,78.74,41.35
23,54.78,78.74,41.35
234,54.78,78.74,41.34
122,54.78,78.74,41.35
20,54.78,78.74,41.35
1877,54.78,78.74,41.34
554,54.78,78.74,41.34
55,54.77,78.74,41.34
256,54.78,78.74,41.34
105,54.77,78.74,41.34
194,54.78,78.74,41.34
94,54.78,78.74,41.34
48,54.78,78.74,41.35
3434,54.78,78.74,41.34
812,54.78,78.74,41.34
1285,54.77,78.74,41.34
1012,54.77,78.74,41.34
2820,54.78,78.74,41.34
458,54.78,78.74,41.34
2897,54.78,78.74,41.34
1769,54.78,78.74,41.34
346,54.78,78.74,41.34
1851,54.78,78.74,41.34
378,54.78,78.74,41.34
811,54.78,78.74,41.34
530,54.78,78.74,41.34
1903,54.78,78.74,41.34
3354,54.78,78.74,41.34
1044,54.78,78.74,41.34
3253,54.78,78.74,41.34
2083,54.78,78.74,41.34
2062,54.78,78.74,41.34
3117,54.78,78.74,41.34
3211,54.78,78.74,41.34
5981,54.78,78.74,41.34
4755,54.78,78.74,41.34
3025,54.78,78.74,41.35
1609,54.78,78.74,41.34
1858,54.78,78.74,41.34
995,54.78,78.74,41.35
3108,54.78,78.74,41.34
878,54.78,78.74,41.35
109,54.78,78.74,41.35
128,54.78,78.74,41.35
400,54.78,78.74,41.35
226,54.78,78.74,41.35
354,54.78,78.74,41.35
1556,54.78,78.74,41.35
545,54.78,78.74,41.34
299,54.78,78.74,41.35
134,54.78,78.74,41.35
48,54.78,78.74,41.35
6083,54.78,78.74,41.33
9081,54.78,78.74,41.33
3905,54.78,78.74,41.33
5925,54.78,78.74,41.33
5276,54.78,78.74,41.33
3468,54.78,78.74,41.33
12861,54.78,78.74,41.33
10118,54.79,78.74,41.33
8544,54.78,78.74,41.33
765,54.78,78.74,41.33
1945,54.78,78.74,41.33
2989,54.78,78.74,41.33
1093,54.78,78.74,41.33
681,54.78,78.74,41.33
1666,54.78,78.74,41.33
4174,54.78,78.74,41.33
1561,54.78,78.74,41.33
2438,54.78,78.74,41.33
3884,54.78,78.74,41.33
1554,54.78,78.74,41.33
2447,54.78,78.74,41.33
2393,54.78,78.74,41.33
1517,54.78,78.74,41.33
1376,54.78,78.74,41.33
905,54.78,78.74,41.33
997,54.78,78.74,41.33
640,54.78,78.74,41.33
5516,54.78,78.74,41.34
9114,54.78,78.74,41.34
3405,54.78,78.74,41.34
4962,54.78,78.74,41.34
7833,54.78,78.74,41.34
5594,54.78,78.74,41.34
2060,54.78,78.74,41.34
4911,54.78,78.74,41.34
1409,54.77,78.74,41.34
1502,54.77,78.74,41.34
2781,54.78,78.74,41.34
3055,54.78,78.74,41.34
2073,54.78,78.74,41.34
1972,54.78,78.74,41.34
963,54.77,78.74,41.33
1200,54.77,78.74,41.34
2396,54.78,78.74,41.34
1925,54.78,78.74,41.33
1722,54.78,78.74,41.34
1376,54.78,78.74,41.33
3448,54.78,78.74,41.33
5403,54.78,78.74,41.33
4275,54.78,78.74,41.34
6757,54.78,78.74,41.34
4269,54.78,78.74,41.34
3398,54.78,78.74,41.33
3193,54.78,78.74,41.34
2952,54.78,78.74,41.34
2092,54.78,78.74,41.34
2020,54.78,78.74,41.34
3472,54.78,78.74,41.33
5292,54.78,78.74,41.34
4318,54.78,78.74,41.33
2830,54.78,78.74,41.34
2991,54.78,78.74,41.34
2,54.77,78.74,41.35
4,54.78,78.74,41.35
6,54.78,78.74,41.35
5,54.78,78.74,41.35
8,54.78,78.74,41.35
6,54.78,78.74,41.35
2,54.78,78.74,41.35
28,54.78,78.74,41.35
69,54.78,78.74,41.35
10,54.78,78.74,41.35
3,54.78,78.74,41.35
15,54.78,78.74,41.35
83524,54.79,78.73,41.33
17376,54.79,78.74,41.33
29428,54.79,78.74,41.34
16908,54.79,78.74,41.34
26254,54.79,78.74,41.33
13493,54.79,78.74,41.33
103748,54.79,78.73,41.34
31326,54.79,78.74,41.34
32277,54.79,78.74,41.34
20006,54.79,78.74,41.34
22321,54.79,78.74,41.34
94676,54.79,78.74,41.34
3371,54.79,78.74,41.34
2783,54.79,78.74,41.33
5954,54.79,78.74,41.33
7292,54.79,78.74,41.34
8697,54.79,78.74,41.34
9867,54.79,78.74,41.34
3907,54.79,78.74,41.34
4325,54.79,78.74,41.34
90369,54.79,78.74,41.33
22685,54.79,78.74,41.34
20649,54.79,78.74,41.34
84100,54.79,78.74,41.34
10949,54.79,78.74,41.34
11744,54.79,78.74,41.34
4659,54.79,78.74,41.34
4855,54.79,78.74,41.34
13034,54.78,78.74,41.34
14107,54.79,78.74,41.34
8528,54.78,78.74,41.34
7520,54.78,78.74,41.34
3901,54.78,78.74,41.35
22190,54.79,78.74,41.34
11434,54.79,78.74,41.34
4756,54.79,78.74,41.34
8452,54.79,78.74,41.34
4303,54.79,78.74,41.34
1311,54.78,78.74,41.35
16958,54.79,78.74,41.34
12549,54.79,78.74,41.34
57644,54.79,78.74,41.34
2621,54.79,78.74,41.35
291,54.79,78.74,41.33
1426,54.79,78.74,41.33
2103,54.79,78.74,41.33
384,54.79,78.74,41.33
5308,54.79,78.74,41.33
4,54.79,78.74,41.32
44,54.79,78.74,41.33
48,54.79,78.74,41.33
4,54.79,78.74,41.32
87,54.79,78.73,41.33
4667,54.79,78.73,41.33
41696,54.79,78.73,41.33
6,54.77,78.74,41.33
3,54.77,78.74,41.33
16,54.77,78.74,41.33
281,54.77,78.74,41.33
118,54.77,78.74,41.33
287,54.77,78.74,41.33
138,54.77,78.74,41.33
2,54.77,78.74,41.33
29,54.77,78.74,41.33
159,54.78,78.73,41.33
2,54.77,78.74,41.33
15,54.78,78.73,41.33
5,54.77,78.74,41.33
31,54.77,78.74,41.33
53,54.77,78.74,41.33
9,54.77,78.74,41.33
221,54.77,78.74,41.33
776,54.77,78.74,41.33
47,54.77,78.74,41.33
214,54.77,78.74,41.33
602,54.78,78.74,41.33
182,54.78,78.74,41.33
464,54.78,78.74,41.33
138,54.78,78.74,41.33
30,54.78,78.74,41.33
7,54.78,78.74,41.32
76,54.78,78.74,41.33
372,54.78,78.74,41.33
12,54.78,78.74,41.33
104,54.78,78.74,41.33
53,54.78,78.74,41.33
327,54.78,78.74,41.33
48,54.78,78.74,41.33
234,54.78,78.74,41.33
1186,54.78,78.74,41.33
531,54.78,78.74,41.33
763,54.78,78.74,41.33
343,54.78,78.74,41.33
498,54.78,78.74,41.33
2,54.78,78.74,41.32
13,54.78,78.74,41.33
7,54.78,78.74,41.33
2,54.78,78.74,41.32
9,54.78,78.74,41.33
58,54.78,78.74,41.33
223,54.78,78.74,41.33
332,54.78,78.74,41.33
94,54.78,78.74,41.33
74,54.78,78.74,41.33
236,54.78,78.74,41.33
3,54.78,78.74,41.32
14,54.78,78.74,41.33
22,54.78,78.74,41.33
5,54.78,78.74,41.32
24,54.78,78.74,41.33
7,54.78,78.74,41.32
6,54.77,78.74,41.34
4,54.77,78.74,41.35
2,54.77,78.74,41.35
3,54.77,78.74,41.35
6,54.77,78.74,41.35
3,54.77,78.74,41.35
8,54.78,78.74,41.35
4,54.78,78.74,41.35
11,54.77,78.74,41.34
7,54.77,78.74,41.35
30,54.77,78.74,41.34
15,54.77,78.74,41.35
33,54.78,78.74,41.34
19,54.78,78.74,41.35
29,54.77,78.74,41.34
230,54.77,78.74,41.34
203,54.77,78.74,41.34
57,54.77,78.74,41.34
362,54.77,78.74,41.34
324,54.77,78.74,41.34
2,54.77,78.74,41.34
2,54.77,78.74,41.34
6,54.77,78.74,41.34
10,54.77,78.74,41.34
20,54.77,78.74,41.34
455,54.77,78.74,41.34
375,54.77,78.74,41.34
346,54.77,78.74,41.33
287,54.77,78.74,41.33
45,54.77,78.74,41.33
3,54.77,78.74,41.34
2,54.77,78.74,41.34
12,54.77,78.74,41.34
13,54.77,78.74,41.34
102,54.77,78.74,41.34
524,54.77,78.74,41.34
124,54.77,78.74,41.34
530,54.77,78.74,41.34
444,54.77,78.74,41.34
430,54.77,78.74,41.34
414,54.77,78.74,41.33
24,54.78,78.74,41.35
53,54.78,78.74,41.35
12,54.78,78.74,41.35
24,54.78,78.74,41.35
87,54.78,78.74,41.34
174,54.78,78.74,41.34
51,54.78,78.74,41.35
106,54.78,78.74,41.35
11,54.78,78.74,41.35
6,54.78,78.74,41.35
14,54.78,78.74,41.35
8,54.78,78.74,41.35
705,54.78,78.74,41.34
1119,54.78,78.74,41.34
540,54.78,78.74,41.34
1267,54.78,78.74,41.34
1298,54.78,78.74,41.34
159,54.78,78.74,41.34
25,54.77,78.74,41.34
15,54.77,78.74,41.34
58,54.77,78.74,41.34
105,54.77,78.74,41.34
60,54.78,78.74,41.34
107,54.78,78.74,41.34
36,54.78,78.74,41.34
22,54.78,78.74,41.35
42,54.78,78.74,41.34
27,54.78,78.74,41.35
999,54.78,78.74,41.34
258,54.78,78.74,41.34
1126,54.78,78.74,41.34
685,54.78,78.74,41.34
808,54.78,78.74,41.34
465,54.78,78.74,41.34
214,54.78,78.74,41.34
140,54.78,78.74,41.34
276,54.78,78.74,41.34
384,54.78,78.74,41.34
316,54.78,78.74,41.34
231,54.78,78.74,41.34
817,54.78,78.74,41.34
948,54.78,78.74,41.34
900,54.78,78.74,41.34
1920,54.79,78.74,41.34
1925,54.79,78.74,41.34
982,54.78,78.74,41.34
3380,54.78,78.74,41.34
2739,54.78,78.74,41.34
2012,54.78,78.74,41.35
1165,54.78,78.74,41.34
668,54.78,78.74,41.35
777,54.78,78.74,41.34
682,54.78,78.74,41.34
1815,54.79,78.74,41.34
1644,54.79,78.74,41.34
730,54.78,78.74,41.35
302,54.78,78.74,41.35
220,54.78,78.74,41.35
99,54.78,78.74,41.35
500,54.78,78.74,41.35
149,54.78,78.74,41.34
92,54.78,78.74,41.35
366,54.78,78.74,41.34
223,54.78,78.74,41.35
51,54.78,78.74,41.35
26,54.78,78.74,41.35
110,54.78,78.74,41.35
50,54.78,78.74,41.35
1788,54.78,78.74,41.33
3586,54.79,78.74,41.33
538,54.78,78.74,41.33
995,54.79,78.74,41.33
255,54.78,78.74,41.33
802,54.78,78.74,41.33
1373,54.78,78.74,41.34
1386,54.78,78.74,41.34
618,54.78,78.74,41.34
1993,54.78,78.74,41.34
466,54.78,78.74,41.33
1525,54.78,78.74,41.33
989,54.78,78.74,41.34
762,54.78,78.74,41.33
1593,54.78,78.74,41.33
1001,54.78,78.74,41.34
1002,54.78,78.74,41.34
1891,54.79,78.74,41.34
1920,54.79,78.74,41.34
3,54.78,78.74,41.35
5,54.78,78.74,41.35
42,54.78,78.74,41.35
100,54.79,78.74,41.35
16,54.78,78.74,41.35
11,54.78,78.74,41.35
5,54.78,78.74,41.35
2,54.78,78.74,41.35
12,54.79,78.74,41.35
2,54.78,78.74,41.35
12315,54.79,78.74,41.33
63472,54.79,78.74,41.33
8082,54.79,78.74,41.33
1639,54.79,78.74,41.33
11510,54.79,78.74,41.33
12560,54.79,78.74,41.34
78138,54.79,78.74,41.34
2589,54.79,78.74,41.33
3485,54.79,78.74,41.34
16338,54.79,78.74,41.33
72912,54.79,78.74,41.34
69915,54.79,78.74,41.34
11619,54.79,78.74,41.34
64823,54.79,78.74,41.34
4049,54.79,78.74,41.34
3920,54.79,78.74,41.34
18437,54.79,78.74,41.35
3748,54.79,78.74,41.34
815,54.79,78.74,41.35
7714,54.79,78.74,41.34
46211,54.79,78.74,41.34
1978,54.79,78.74,41.35
2,54.79,78.74,41.32
587,54.79,78.74,41.33
2563,54.79,78.74,41.33
535,54.79,78.74,41.33
32,54.79,78.74,41.33
4225,54.79,78.74,41.33
132,54.79,78.73,41.33
4073,54.79,78.73,41.33
31621,54.79,78.74,41.33
3,54.79,78.73,41.32
491,54.79,78.74,41.35
16,54.77,78.74,41.33
6,54.77,78.74,41.33
31,54.77,78.74,41.33
3,54.77,78.74,41.33
42,54.78,78.74,41.33
4,54.78,78.74,41.33
90,54.77,78.74,41.33
168,54.79,78.74,41.33
25,54.79,78.74,41.33
44,54.78,78.74,41.33
157,54.78,78.74,41.33
130,54.78,78.74,41.33
41,54.78,78.74,41.33
59,54.78,78.74,41.33
79,54.78,78.74,41.33
272,54.78,78.74,41.33
3,54.78,78.74,41.32
11,54.78,78.74,41.33
3,54.78,78.74,41.32
13,54.78,78.74,41.33
5,54.78,78.74,41.33
101,54.78,78.74,41.33
14,54.78,78.74,41.33
3,54.79,78.74,41.32
3,54.77,78.74,41.34
2,54.77,78.74,41.35
4,54.77,78.74,41.34
3,54.77,78.74,41.35
2,54.77,78.74,41.35
3,54.77,78.74,41.35
8,54.77,78.74,41.34
37,54.77,78.74,41.34
3,54.77,78.74,41.34
4,54.77,78.74,41.34
5,54.77,78.74,41.34
7,54.77,78.74,41.34
49,54.77,78.74,41.33
68,54.77,78.74,41.34
31,54.77,78.74,41.33
18,54.78,78.74,41.35
50,54.78,78.74,41.34
4,54.78,78.74,41.35
318,54.78,78.74,41.34
472,54.78,78.74,41.34
62,54.78,78.74,41.34
99,54.78,78.74,41.34
61,54.78,78.74,41.34
94,54.78,78.74,41.34
20,54.77,78.74,41.34
11,54.78,78.74,41.34
52,54.77,78.74,41.34
284,54.78,78.74,41.34
105,54.78,78.74,41.34
184,54.78,78.74,41.34
880,54.79,78.74,41.34
739,54.79,78.74,41.34
1006,54.78,78.74,41.34
294,54.78,78.74,41.35
164,54.78,78.74,41.34
61,54.78,78.74,41.35
279,54.78,78.74,41.34
215,54.78,78.74,41.34
430,54.78,78.74,41.33
844,54.78,78.74,41.33
159,54.78,78.74,41.33
299,54.78,78.74,41.33
29,54.77,78.74,41.33
157,54.78,78.74,41.33
517,54.78,78.74,41.34
437,54.78,78.74,41.33
70,54.77,78.74,41.34
366,54.78,78.74,41.34
49,54.77,78.74,41.33
286,54.78,78.74,41.33
229,54.78,78.74,41.34
181,54.78,78.74,41.33
482,54.79,78.74,41.33
770,54.79,78.74,41.33
905,54.79,78.74,41.34
290,54.78,78.74,41.34
252,54.78,78.74,41.33
186,54.79,78.74,41.33
2,54.78,78.74,41.35
2,54.78,78.74,41.35
7,54.78,78.74,41.35
3,54.78,78.74,41.35
52,54.79,78.74,41.35
75,54.79,78.74,41.35
23,54.78,78.74,41.35
15,54.79,78.74,41.35
7,54.78,78.74,41.35
13,54.79,78.74,41.35
2,54.78,78.74,41.35
3,54.79,78.74,41.35
5830,54.79,78.74,41.33
50360,54.79,78.74,41.33
3211,54.79,78.74,41.33
911,54.79,78.74,41.33
5129,54.79,78.74,41.33
6049,54.79,78.74,41.34
1440,54.79,78.74,41.33
1799,54.79,78.74,41.34
9044,54.79,78.74,41.33
9168,54.79,78.74,41.34
58583,54.79,78.74,41.34
57899,54.79,78.74,41.34
5061,54.79,78.74,41.34
54881,54.79,78.74,41.34
1959,54.79,78.74,41.34
1676,54.79,78.74,41.34
14512,54.79,78.74,41.35
1840,54.79,78.74,41.34
534,54.79,78.74,41.35
3785,54.79,78.74,41.34
38821,54.79,78.74,41.34
21563,54.79,78.74,41.34
2797,54.79,78.74,41.35
51108,54.79,78.74,41.34
5,54.79,78.74,41.32
4,54.79,78.74,41.32
376,54.79,78.74,41.33
1157,54.79,78.74,41.33
129,54.79,78.74,41.33
344,54.79,78.74,41.33
39,54.79,78.74,41.33
27,54.79,78.74,41.33
422,54.79,78.74,41.33
1732,54.79,78.74,41.33
30,54.79,78.74,41.33
173,54.79,78.73,41.33
3688,54.79,78.73,41.33
25103,54.79,78.74,41.33
4,54.79,78.74,41.32
7,54.79,78.73,41.32
91,54.79,78.74,41.35
297,54.79,78.74,41.35
7,54.77,78.74,41.33
7,54.77,78.74,41.33
78,54.78,78.74,41.33
15,54.78,78.74,41.33
12,54.78,78.74,41.33
51,54.78,78.74,41.33
8,54.77,78.74,41.33
57,54.78,78.74,41.33
6,54.78,78.74,41.33
39,54.78,78.74,41.33
7,54.78,78.74,41.33
2,54.78,78.74,41.32
2,54.77,78.74,41.34
2,54.77,78.74,41.34
2,54.77,78.74,41.34
6,54.78,78.74,41.35
21,54.78,78.74,41.35
13,54.78,78.74,41.34
47,54.78,78.74,41.34
2,54.77,78.74,41.35
83,54.78,78.74,41.34
125,54.78,78.74,41.34
2,54.77,78.74,41.34
22,54.78,78.74,41.34
3,54.77,78.74,41.34
4,54.77,78.74,41.34
46,54.78,78.74,41.34
22,54.78,78.74,41.34
37,54.78,78.74,41.34
569,54.79,78.74,41.34
492,54.79,78.74,41.34
539,54.79,78.74,41.34
231,54.79,78.74,41.35
141,54.78,78.74,41.34
67,54.78,78.74,41.35
83,54.78,78.75,41.34
179,54.79,78.75,41.34
65,54.78,78.75,41.34
156,54.79,78.75,41.34
47,54.78,78.75,41.34
24,54.78,78.75,41.35
98,54.78,78.74,41.33
254,54.78,78.74,41.33
37,54.78,78.74,41.33
99,54.78,78.74,41.33
152,54.78,78.74,41.33
61,54.78,78.74,41.33
23,54.78,78.74,41.33
141,54.78,78.74,41.34
110,54.78,78.74,41.33
5,54.77,78.74,41.34
58,54.78,78.74,41.34
42,54.78,78.74,41.33
43,54.78,78.74,41.34
30,54.78,78.74,41.33
287,54.79,78.74,41.33
447,54.79,78.74,41.33
557,54.79,78.74,41.34
84,54.78,78.75,41.34
174,54.79,78.75,41.34
67,54.78,78.75,41.33
148,54.79,78.75,41.33
90,54.79,78.75,41.33
56,54.79,78.74,41.33
119,54.79,78.74,41.33
13,54.79,78.74,41.33
2,54.79,78.74,41.32
11,54.78,78.75,41.35
4,54.78,78.75,41.35
3,54.78,78.75,41.35
60,54.79,78.74,41.35
26,54.79,78.75,41.35
18,54.79,78.74,41.35
9,54.79,78.75,41.35
20,54.79,78.74,41.35
3,54.79,78.75,41.35
7,54.79,78.74,41.35
3,54.79,78.74,41.35
2666,54.79,78.74,41.33
41175,54.8,78.74,41.33
1449,54.79,78.74,41.33
535,54.79,78.74,41.33
2369,54.79,78.74,41.33
2952,54.79,78.74,41.34
849,54.79,78.74,41.33
1041,54.79,78.74,41.34
4667,54.79,78.74,41.33
5412,54.79,78.74,41.34
48387,54.8,78.74,41.34
48176,54.8,78.74,41.34
2930,54.79,78.74,41.34
1060,54.79,78.74,41.34
962,54.79,78.74,41.34
1005,54.79,78.74,41.34
380,54.79,78.74,41.35
2117,54.79,78.74,41.34
1820,54.79,78.74,41.34
32602,54.8,78.74,41.34
15576,54.79,78.74,41.35
2734,54.79,78.74,41.35
4657,54.79,78.74,41.34
42921,54.8,78.74,41.34
8,54.79,78.74,41.32
5,54.79,78.74,41.32
271,54.79,78.74,41.33
615,54.79,78.74,41.33
101,54.79,78.74,41.33
225,54.79,78.74,41.33
48,54.79,78.74,41.33
25,54.79,78.74,41.33
289,54.79,78.74,41.33
843,54.79,78.74,41.33
38,54.79,78.74,41.33
153,54.8,78.74,41.33
2910,54.8,78.74,41.33
20272,54.8,78.74,41.33
7,54.79,78.74,41.32
10,54.8,78.74,41.32
84,54.79,78.74,41.35
495,54.79,78.74,41.35
29,54.78,78.74,41.33
6,54.78,78.74,41.33
11,54.78,78.74,41.33
7,54.78,78.74,41.33
9,54.78,78.74,41.33
19,54.78,78.74,41.33
34,54.79,78.75,41.33
4,54.78,78.74,41.33
2,54.78,78.75,41.35
8,54.78,78.75,41.35
3,54.78,78.75,41.34
15,54.78,78.75,41.34
21,54.78,78.75,41.34
28,54.78,78.75,41.34
3,54.77,78.74,41.34
5,54.77,78.74,41.34
4,54.78,78.75,41.34
5,54.78,78.75,41.34
367,54.79,78.74,41.34
332,54.79,78.74,41.34
345,54.79,78.74,41.34
177,54.79,78.74,41.35
118,54.79,78.75,41.34
64,54.79,78.75,41.35
19,54.78,78.75,41.34
17,54.78,78.75,41.34
53,54.78,78.75,41.34
117,54.79,78.75,41.34
49,54.78,78.75,41.34
111,54.79,78.75,41.34
16,54.78,78.75,41.34
10,54.78,78.75,41.35
39,54.78,78.75,41.34
23,54.78,78.75,41.35
14,54.78,78.74,41.33
60,54.78,78.74,41.33
4,54.78,78.74,41.33
23,54.78,78.74,41.33
36,54.78,78.75,41.33
13,54.78,78.75,41.33
29,54.78,78.75,41.34
19,54.78,78.75,41.33
5,54.77,78.74,41.34
4,54.78,78.75,41.34
176,54.79,78.74,41.33
278,54.79,78.74,41.33
348,54.79,78.74,41.34
17,54.78,78.75,41.34
11,54.78,78.75,41.33
49,54.78,78.75,41.34
108,54.79,78.75,41.34
38,54.78,78.75,41.33
87,54.79,78.75,41.33
19,54.78,78.75,41.33
51,54.79,78.75,41.33
19,54.79,78.75,41.33
37,54.79,78.74,41.33
72,54.79,78.74,41.33
10,54.79,78.74,41.33
2,54.79,78.74,41.32
4,54.78,78.75,41.35
2,54.78,78.75,41.35
12,54.78,78.75,41.35
4,54.78,78.75,41.35
55,54.79,78.74,41.35
26,54.79,78.75,41.35
20,54.79,78.75,41.35
10,54.79,78.75,41.35
34,54.79,78.74,41.35
7,54.79,78.75,41.35
4,54.79,78.75,41.35
4,54.79,78.74,41.36
1582,54.8,78.74,41.33
17588,54.8,78.74,41.33
34836,54.8,78.74,41.33
755,54.79,78.74,41.33
321,54.79,78.74,41.33
1244,54.79,78.74,41.33
1591,54.79,78.74,41.34
511,54.79,78.74,41.33
635,54.79,78.74,41.34
2614,54.8,78.74,41.33
3197,54.8,78.74,41.34
41093,54.8,78.74,41.34
40799,54.8,78.74,41.34
28136,54.8,78.74,41.34
1671,54.79,78.74,41.34
655,54.79,78.74,41.34
583,54.79,78.74,41.34
1440,54.79,78.74,41.34
1108,54.79,78.74,41.34
582,54.79,78.74,41.34
241,54.79,78.74,41.35
8398,54.8,78.74,41.35
3144,54.8,78.74,41.34
36641,54.8,78.74,41.34
28461,54.8,78.74,41.34
9,54.79,78.74,41.32
5,54.79,78.74,41.32
189,54.79,78.74,41.33
360,54.79,78.74,41.33
75,54.79,78.74,41.33
147,54.79,78.74,41.33
45,54.79,78.74,41.33
20,54.79,78.74,41.33
191,54.79,78.74,41.33
618,54.8,78.74,41.33
38,54.79,78.74,41.33
1553,54.8,78.74,41.33
9,54.79,78.74,41.32
25,54.8,78.74,41.32
65,54.79,78.75,41.35
661,54.8,78.74,41.35
89,54.8,78.74,41.36
6,54.78,78.74,41.33
4,54.78,78.75,41.33
11,54.79,78.75,41.33
6,54.78,78.75,41.33
3,54.79,78.75,41.33
3,54.78,78.75,41.35
5,54.78,78.75,41.34
4,54.78,78.75,41.34
4,54.78,78.75,41.34
237,54.79,78.75,41.34
220,54.79,78.75,41.34
236,54.79,78.74,41.34
136,54.79,78.74,41.35
90,54.79,78.75,41.34
55,54.79,78.75,41.35
2,54.78,78.75,41.34
3,54.78,78.75,41.34
12,54.78,78.75,41.34
12,54.78,78.75,41.34
9,54.79,78.75,41.34
8,54.79,78.75,41.34
33,54.79,78.75,41.34
72,54.79,78.75,41.34
35,54.79,78.75,41.34
73,54.79,78.75,41.34
5,54.78,78.75,41.34
4,54.78,78.75,41.35
12,54.78,78.75,41.34
9,54.78,78.75,41.35
7,54.79,78.75,41.35
9,54.79,78.75,41.34
29,54.79,78.75,41.34
21,54.79,78.75,41.35
9,54.78,78.75,41.33
2,54.78,78.75,41.33
4,54.78,78.75,41.33
2,54.78,78.75,41.34
106,54.79,78.75,41.33
173,54.79,78.75,41.33
220,54.79,78.75,41.34
9,54.78,78.75,41.34
5,54.78,78.75,41.33
5,54.79,78.75,41.34
2,54.79,78.75,41.33
28,54.79,78.75,41.34
64,54.79,78.75,41.34
20,54.79,78.75,41.33
49,54.79,78.75,41.33
2,54.79,78.75,41.33
9,54.79,78.75,41.33
27,54.79,78.75,41.33
6,54.79,78.75,41.33
10,54.79,78.75,41.33
24,54.79,78.74,41.33
45,54.79,78.75,41.33
7,54.79,78.74,41.33
2,54.78,78.75,41.35
4,54.78,78.75,41.35
2,54.78,78.75,41.35
4,54.79,78.75,41.35
2,54.79,78.75,41.35
11,54.79,78.75,41.35
5,54.79,78.75,41.35
2,54.79,78.75,41.35
28,54.79,78.75,41.35
7,54.79,78.75,41.36
9,54.8,78.74,41.36
1229,54.8,78.74,41.33
478,54.8,78.74,41.33
20535,54.8,78.74,41.33
439,54.8,78.74,41.33
188,54.8,78.75,41.33
226,54.8,78.74,41.33
92,54.8,78.75,41.33
722,54.8,78.74,41.33
931,54.8,78.74,41.34
305,54.8,78.75,41.33
390,54.8,78.75,41.34
1774,54.8,78.74,41.33
1983,54.8,78.74,41.34
32151,54.8,78.74,41.34
1039,54.8,78.74,41.34
415,54.8,78.75,41.34
1026,54.8,78.74,41.34
356,54.8,78.75,41.34
365,54.79,78.75,41.35
7405,54.8,78.74,41.35
2038,54.8,78.74,41.34
1902,54.8,78.74,41.34
26126,54.8,78.74,41.34
2,54.8,78.74,41.32
4,54.79,78.74,41.32
52,54.79,78.74,41.33
86,54.8,78.74,41.33
1450,54.8,78.74,41.33
5,54.8,78.74,41.32
51,54.8,78.74,41.32
55,54.8,78.75,41.35
9,54.8,78.75,41.35
796,54.8,78.74,41.35
78,54.8,78.74,41.36
2,54.78,78.75,41.35
149,54.79,78.75,41.34
145,54.79,78.75,41.34
48,54.79,78.75,41.34
51,54.79,78.75,41.34
87,54.79,78.75,41.35
13,54.79,78.75,41.34
2,54.78,78.75,41.35
12,54.79,78.75,41.35
61,54.79,78.75,41.33
29,54.79,78.75,41.33
16,54.79,78.75,41.33
6,54.79,78.75,41.33
103,54.79,78.75,41.33
135,54.79,78.75,41.34
30,54.79,78.75,41.33
41,54.79,78.75,41.34
7,54.79,78.75,41.34
6,54.79,78.75,41.33
6,54.79,78.75,41.35
2,54.79,78.75,41.36
26,54.8,78.75,41.35
8,54.8,78.75,41.36
7,54.79,78.76,41.35
3,54.79,78.76,41.36
2,54.8,78.75,41.36
5,54.8,78.75,41.36
663,54.8,78.74,41.33
15613,54.81,78.74,41.33
128,54.8,78.75,41.33
308,54.8,78.75,41.34
1327,54.8,78.74,41.34
25003,54.81,78.74,41.34
405,54.8,78.75,41.34
256,54.8,78.75,41.35
5725,54.8,78.74,41.35
1340,54.8,78.75,41.34
20793,54.81,78.74,41.34
9212,54.81,78.74,41.35
5,54.81,78.74,41.32
3,54.8,78.75,41.32
27,54.8,78.75,41.33
46,54.8,78.74,41.33
1532,54.81,78.74,41.33
4,54.8,78.74,41.32
90,54.81,78.74,41.32
10,54.81,78.74,41.32
93,54.81,78.74,41.32
1433,54.81,78.74,41.33
11083,54.81,78.74,41.33
46,54.8,78.75,41.35
11,54.8,78.75,41.35
1008,54.81,78.74,41.35
79,54.81,78.75,41.36
17,54.81,78.75,41.36
59,54.8,78.75,41.34
53,54.8,78.75,41.35
8,54.79,78.76,41.34
2,54.79,78.76,41.35
10,54.79,78.76,41.35
16,54.8,78.75,41.33
43,54.8,78.75,41.34
4,54.79,78.76,41.34
3,54.8,78.75,41.33
2,54.79,78.76,41.35
21,54.8,78.75,41.35
8,54.8,78.75,41.36
2,54.79,78.76,41.35
7,54.8,78.76,41.35
4,54.8,78.76,41.36
2,54.8,78.76,41.36
5,54.8,78.75,41.36
428,54.81,78.75,41.33
13998,54.81,78.74,41.33
70,54.8,78.75,41.33
157,54.8,78.75,41.34
772,54.81,78.75,41.34
19969,54.81,78.74,41.34
225,54.8,78.75,41.34
197,54.8,78.75,41.35
906,54.8,78.75,41.34
566,54.81,78.75,41.34
17003,54.81,78.74,41.34
7089,54.81,78.74,41.35
2,54.8,78.75,41.32
15,54.8,78.75,41.33
46,54.81,78.75,41.33
5,54.81,78.75,41.32
5,54.81,78.75,41.32
93,54.81,78.75,41.33
29,54.82,78.74,41.32
871,54.82,78.74,41.33
599,54.81,78.75,41.33
10726,54.82,78.74,41.33
50,54.81,78.75,41.35
14,54.81,78.75,41.36
1025,54.81,78.75,41.35
7,54.81,78.76,41.36
68,54.81,78.75,41.36
36,54.8,78.75,41.34
36,54.8,78.75,41.35
7,54.8,78.76,41.34
3,54.79,78.76,41.35
9,54.8,78.76,41.35
8,54.8,78.75,41.33
23,54.8,78.75,41.34
2,54.8,78.76,41.34
2,54.8,78.75,41.33
17,54.8,78.76,41.35
9,54.8,78.76,41.36
3,54.79,78.76,41.35
7,54.8,78.76,41.35
2,54.79,78.76,41.36
4,54.8,78.76,41.36
3,54.8,78.76,41.36
8,54.81,78.75,41.37
2,54.8,78.76,41.36
21,54.81,78.75,41.33
82,54.81,78.75,41.34
337,54.81,78.75,41.33
663,54.81,78.75,41.34
16104,54.82,78.74,41.34
100,54.81,78.75,41.34
97,54.81,78.75,41.35
601,54.81,78.75,41.34
408,54.81,78.75,41.35
9653,54.82,78.75,41.34
9,54.81,78.75,41.33
44,54.81,78.75,41.33
4,54.81,78.75,41.32
3,54.83,78.74,41.31
41,54.82,78.75,41.32
55,54.83,78.74,41.32
904,54.83,78.75,41.33
549,54.82,78.75,41.33
8331,54.83,78.75,41.34
7247,54.83,78.75,41.34
56,54.81,78.76,41.35
1230,54.82,78.75,41.36
7,54.81,78.76,41.36
94,54.82,78.75,41.37
5,54.82,78.76,41.38
23,54.8,78.76,41.34
26,54.8,78.76,41.35
4,54.8,78.76,41.34
3,54.79,78.76,41.35
7,54.8,78.76,41.35
4,54.8,78.76,41.33
14,54.8,78.76,41.34
3,54.8,78.77,41.35
12,54.81,78.76,41.35
2,54.8,78.77,41.36
4,54.81,78.76,41.36
213,54.81,78.76,41.33
270,54.81,78.76,41.34
7480,54.82,78.75,41.35
17,54.81,78.76,41.32
6,54.84,78.75,41.31
46,54.83,78.76,41.32
79,54.84,78.75,41.32
903,54.84,78.75,41.33
397,54.83,78.76,41.33
499,54.83,78.76,41.34
6243,54.84,78.75,41.34
5742,54.83,78.75,41.35
60,54.82,78.76,41.35
1251,54.83,78.75,41.36
14,54.81,78.77,41.35
6,54.81,78.77,41.36
14,54.82,78.77,41.36
149,54.83,78.76,41.37
6,54.82,78.76,41.38
31,54.83,78.76,41.37
2,54.8,78.77,41.34
21,54.81,78.76,41.34
3,54.8,78.77,41.35
11,54.81,78.76,41.33
2,54.8,78.77,41.35
96,54.82,78.76,41.33
196,54.82,78.76,41.34
11,54.81,78.77,41.33
23,54.81,78.77,41.34
4,54.81,78.78,41.35
2,54.81,78.78,41.36
16,54.82,78.76,41.32
2,54.81,78.77,41.32
10,54.85,78.75,41.31
4,54.83,78.76,41.31
50,54.83,78.76,41.32
89,54.85,78.75,41.32
805,54.84,78.75,41.33
257,54.83,78.76,41.33
392,54.83,78.76,41.34
4852,54.84,78.75,41.34
4699,54.84,78.75,41.35
1829,54.84,78.76,41.35
64,54.83,78.77,41.35
1034,54.84,78.76,41.36
15,54.82,78.78,41.35
7,54.82,78.78,41.36
17,54.83,78.77,41.36
212,54.84,78.76,41.37
2,54.82,78.78,41.37
4,54.83,78.77,41.37
2,54.83,78.76,41.39
28,54.84,78.76,41.38
3,54.8,78.77,41.34
59,54.83,78.77,41.33
108,54.83,78.77,41.34
10,54.82,78.78,41.33
4,54.81,78.78,41.34
20,54.82,78.78,41.34
5,54.82,78.78,41.35
3,54.82,78.78,41.36
2,54.83,78.77,41.31
14,54.83,78.77,41.32
2,54.82,78.78,41.32
20,54.86,78.75,41.3
8,54.84,78.77,41.31
56,54.84,78.77,41.32
459,54.86,78.75,41.32
170,54.84,78.77,41.33
261,54.84,78.77,41.34
3472,54.86,78.76,41.34
165,54.84,78.77,41.35
1101,54.85,78.76,41.36
14,54.83,78.78,41.35
7,54.83,78.78,41.36
60,54.84,78.78,41.35
22,54.84,78.78,41.36
213,54.85,78.76,41.37
3,54.83,78.78,41.37
7,54.83,78.78,41.37
31,54.85,78.77,41.38
3,54.84,78.77,41.4
44,54.84,78.78,41.33
73,54.84,78.78,41.34
2,54.82,78.78,41.33
9,54.83,78.78,41.33
4,54.82,78.78,41.34
16,54.83,78.78,41.34
5,54.82,78.79,41.35
3,54.82,78.79,41.36
3,54.84,78.78,41.31
14,54.84,78.78,41.32
3,54.83,78.78,41.32
3,54.85,78.78,41.3
35,54.88,78.76,41.3
37,54.85,78.78,41.32
435,54.88,78.76,41.32
189,54.85,78.78,41.34
2372,54.87,78.76,41.34
120,54.85,78.78,41.35
866,54.87,78.77,41.36
27,54.84,78.79,41.36
190,54.87,78.77,41.38
7,54.84,78.79,41.38
32,54.86,78.77,41.39
5,54.86,78.78,41.4
49,54.9,78.76,41.3
372,54.9,78.76,41.32
2,54.88,78.76,41.28
5,54.9,78.76,41.29
2,54.83,78.8,41.38
2,54.82,78.79,41.33
34,54.84,78.79,41.34
4,54.82,78.79,41.34
4,54.83,78.8,41.36
8,54.84,78.79,41.32
6,54.87,78.79,41.3
37,54.87,78.79,41.32
605,54.89,78.76,41.33
120,54.87,78.79,41.34
1727,54.89,78.77,41.34
82,54.87,78.79,41.36
840,54.89,78.77,41.36
25,54.86,78.8,41.36
25,54.87,78.8,41.37
145,54.88,78.78,41.38
10,54.86,78.8,41.38
39,54.88,78.78,41.4
3,54.86,78.81,41.4
7,54.88,78.78,41.4
12,54.9,78.79,41.3
66,54.91,78.76,41.31
41,54.9,78.79,41.31
1301,54.91,78.77,41.34
416,54.91,78.77,41.32
855,54.91,78.77,41.36
2,54.9,78.79,41.28
9,54.91,78.76,41.29
3,54.85,78.82,41.38
29,54.86,78.8,41.34
5,54.85,78.82,41.36
10,54.86,78.8,41.32
2,54.86,78.8,41.3
4,54.83,78.8,41.34
9,54.89,78.8,41.3
41,54.89,78.8,41.32
102,54.89,78.8,41.34
68,54.88,78.8,41.36
741,54.9,78.77,41.37
23,54.87,78.81,41.36
25,54.88,78.8,41.38
216,54.9,78.78,41.38
12,54.87,78.81,41.38
9,54.88,78.81,41.39
41,54.9,78.78,41.4
4,54.87,78.82,41.4
12,54.89,78.79,41.41
15,54.91,78.8,41.3
79,54.93,78.77,41.31
48,54.91,78.8,41.32
117,54.91,78.8,41.34
969,54.93,78.77,41.34
371,54.93,78.77,41.33
104,54.91,78.81,41.35
706,54.93,78.78,41.36
333,54.93,78.78,41.38
2,54.89,78.79,41.42
2,54.89,78.8,41.28
4,54.91,78.8,41.28
12,54.93,78.77,41.29
2,54.86,78.83,41.4
4,54.86,78.83,41.38
5,54.85,78.82,41.34
25,54.87,78.81,41.34
6,54.86,78.83,41.36
2,54.85,78.82,41.32
11,54.87,78.81,41.32
3,54.87,78.81,41.3
10,54.9,78.81,41.3
4,54.89,78.83,41.3
30,54.9,78.81,41.32
66,54.9,78.81,41.34
11,54.89,78.83,41.32
20,54.89,78.83,41.34
61,54.9,78.81,41.36
20,54.89,78.83,41.36
28,54.9,78.81,41.38
203,54.92,78.78,41.39
13,54.89,78.83,41.38
12,54.9,78.82,41.39
54,54.92,78.79,41.4
6,54.89,78.83,41.4
15,54.91,78.79,41.42
18,54.93,78.81,41.3
85,54.95,78.77,41.31
17,54.95,78.77,41.29
42,54.93,78.81,41.32
83,54.93,78.81,41.34
763,54.95,78.78,41.35
350,54.95,78.77,41.33
84,54.93,78.82,41.36
49,54.93,78.82,41.37
608,54.94,78.78,41.36
291,54.94,78.79,41.38
109,54.94,78.79,41.4
2,54.89,78.83,41.42
4,54.91,78.79,41.43
3,54.9,78.81,41.28
6,54.93,78.81,41.28
2,54.88,78.84,41.4
6,54.88,78.84,41.36
4,54.88,78.84,41.38
6,54.86,78.83,41.34
3,54.86,78.83,41.32
6,54.88,78.84,41.34
3,54.88,78.84,41.32
10,54.92,78.82,41.3
5,54.9,78.84,41.3
24,54.92,78.82,41.32
43,54.92,78.82,41.34
10,54.9,78.84,41.32
16,54.9,78.84,41.34
45,54.92,78.82,41.36
17,54.9,78.84,41.36
29,54.92,78.82,41.38
12,54.9,78.84,41.38
13,54.91,78.83,41.4
58,54.93,78.79,41.41
7,54.9,78.84,41.4
6,54.92,78.83,41.41
18,54.93,78.8,41.42
18,54.94,78.82,41.3
24,54.95,78.81,41.3
7,54.94,78.82,41.28
9,54.95,78.81,41.28
65,54.98,78.78,41.3
39,54.94,78.82,41.32
66,54.94,78.82,41.34
428,54.98,78.78,41.34
367,55,78.78,41.35
73,55.02,78.77,41.3
322,55.02,78.78,41.33
65,54.94,78.82,41.36
44,54.94,78.83,41.38
377,54.97,78.79,41.38
24,54.94,78.83,41.39
99,54.96,78.8,41.41
336,55,78.79,41.38
108,55,78.79,41.42
3,54.9,78.84,41.42
2,54.91,78.8,41.45
29,54.99,78.8,41.45
2,54.9,78.84,41.28
4,54.92,78.82,41.28
5,54.98,78.77,41.26
9,55.02,78.77,41.26
3,54.89,78.85,41.4
2,54.86,78.86,41.36
6,54.89,78.85,41.36
5,54.89,78.85,41.38
5,54.89,78.85,41.34
3,54.89,78.85,41.32
2,54.89,78.85,41.3
2,54.91,78.87,41.3
3,54.91,78.87,41.32
5,54.91,78.87,41.34
10,54.93,78.84,41.3
5,54.92,78.85,41.3
4,54.93,78.84,41.28
2,54.92,78.85,41.28
20,54.93,78.84,41.32
31,54.93,78.84,41.34
8,54.92,78.85,41.32
13,54.92,78.85,41.34
5,54.91,78.87,41.36
5,54.91,78.87,41.38
3,54.91,78.87,41.4
2,54.91,78.87,41.42
34,54.93,78.84,41.36
14,54.92,78.85,41.36
26,54.93,78.84,41.38
11,54.92,78.85,41.38
15,54.93,78.84,41.4
7,54.92,78.85,41.4
7,54.93,78.84,41.41
4,54.92,78.85,41.42
25,54.95,78.8,41.43
13,54.97,78.84,41.29
40,54.97,78.84,41.33
148,55.01,78.83,41.34
41,55.03,78.83,41.29
134,55.02,78.83,41.33
83,55.05,78.76,41.31
308,55.05,78.77,41.34
44,54.97,78.84,41.37
21,54.97,78.85,41.4
133,55.01,78.84,41.37
53,55.01,78.85,41.41
314,55.04,78.78,41.38
139,55.03,78.79,41.42
2,54.91,78.85,41.44
4,54.95,78.81,41.46
7,54.98,78.81,41.46
17,55,78.86,41.44
26,55.02,78.79,41.46
5,55.02,78.8,41.5
3,54.97,78.84,41.25
7,55.03,78.82,41.25
12,55.06,78.76,41.27
10,55.12,78.75,41.24
2,54.88,78.87,41.36
2,54.88,78.87,41.38
2,54.89,78.88,41.36
2,54.89,78.88,41.38
2,54.88,78.87,41.34
2,54.89,78.88,41.34
3,54.92,78.89,41.33
5,54.95,78.86,41.29
14,54.95,78.86,41.33
4,54.92,78.89,41.37
2,54.92,78.89,41.41
17,54.95,78.86,41.37
9,54.95,78.86,41.41
13,55,78.86,41.29
36,55,78.86,41.33
21,55.02,78.84,41.29
54,55.02,78.85,41.32
42,55.06,78.83,41.29
99,55.05,78.84,41.33
180,55.1,78.77,41.33
43,55,78.86,41.37
25,55,78.87,41.4
98,55.05,78.84,41.37
55,55.04,78.85,41.41
217,55.09,78.78,41.41
2,54.98,78.87,41.49
2,55,78.8,41.51
3,54.94,78.87,41.44
5,54.99,78.86,41.46
11,55,78.88,41.44
18,55.03,78.86,41.45
7,55.02,78.87,41.48
34,55.07,78.8,41.49
7,55.07,78.81,41.54
5,55.02,78.84,41.25
4,55,78.86,41.25
2,55.06,78.82,41.22
10,55.06,78.82,41.26
18,55.1,78.75,41.27
8,55.13,78.83,41.23
16,55.18,78.75,41.26
3,54.95,78.92,41.33
5,54.98,78.89,41.29
11,54.98,78.89,41.33
4,54.95,78.92,41.37
3,54.95,78.92,41.41
14,54.98,78.89,41.37
10,54.98,78.89,41.41
130,55.19,78.76,41.33
11,55.03,78.88,41.29
23,55.03,78.88,41.33
18,55.05,78.86,41.29
37,55.05,78.87,41.33
46,55.11,78.84,41.32
165,55.16,78.77,41.35
30,55.03,78.88,41.37
21,55.03,78.89,41.41
51,55.1,78.86,41.39
187,55.16,78.78,41.42
2,54.97,78.9,41.48
3,55.01,78.87,41.5
2,54.95,78.92,41.45
5,54.98,78.89,41.44
10,55.03,78.89,41.44
5,55.03,78.9,41.47
15,55.08,78.88,41.47
51,55.15,78.79,41.49
6,55.08,78.89,41.53
8,55.13,78.81,41.56
2,54.98,78.89,41.25
6,55.05,78.86,41.25
4,55.03,78.88,41.25
2,55.06,78.86,41.21
13,55.1,78.83,41.25
3,55.13,78.88,41.21
10,55.19,78.85,41.24
18,55.26,78.75,41.27
16,55.36,78.75,41.27
2,55.2,78.84,41.16
2,55.26,78.74,41.2
2,55.35,78.73,41.2
2,55.3,78.85,41.15
7,55.58,78.72,41.21
2,54.98,78.94,41.29
3,54.98,78.94,41.33
5,55.01,78.91,41.29
8,55.01,78.91,41.33
4,54.98,78.94,41.37
3,54.98,78.94,41.41
11,55.01,78.91,41.37
9,55.01,78.91,41.41
27,55.19,78.86,41.31
120,55.25,78.77,41.35
12,55.09,78.91,41.31
34,55.17,78.86,41.33
16,55.08,78.92,41.38
34,55.17,78.88,41.4
152,55.23,78.78,41.42
84,55.36,78.77,41.34
2,54.98,78.94,41.45
5,55.01,78.91,41.45
2,55.01,78.92,41.48
3,55.08,78.95,41.51
8,55.08,78.93,41.46
16,55.15,78.89,41.48
47,55.21,78.8,41.51
5,55.14,78.91,41.55
11,55.2,78.81,41.58
76,55.24,78.79,41.49
2,55.01,78.91,41.25
3,55.09,78.91,41.23
12,55.47,78.74,41.26
3,55.42,78.83,41.15
4,55.19,78.92,41.23
9,55.27,78.87,41.24
7,55.36,78.88,41.24
29,55.31,78.76,41.28
3,55.26,78.85,41.18
3,55.36,78.85,41.17
12,55.69,78.73,41.26
5,55.58,78.83,41.18
5,55.79,78.7,41.2
3,55.2,78.83,41.64
3,55.04,78.97,41.31
5,55.04,78.97,41.39
9,55.2,78.93,41.29
21,55.25,78.88,41.32
101,55.32,78.77,41.35
7,55.15,78.95,41.31
9,55.15,78.96,41.39
23,55.24,78.9,41.4
120,55.31,78.78,41.42
12,55.37,78.9,41.31
75,55.46,78.77,41.39
44,55.69,78.76,41.37
3,55.04,78.97,41.46
3,55.11,78.92,41.58
3,55.14,78.98,41.53
6,55.14,78.97,41.46
13,55.21,78.91,41.49
6,55.21,78.93,41.56
15,55.24,78.91,41.46
16,55.28,78.82,41.58
60,55.3,78.8,41.5
54,55.47,78.8,41.5
3,55.15,78.95,41.23
2,55.43,78.91,41.13
7,55.48,78.86,41.24
3,55.25,78.96,41.23
3,55.37,78.96,41.22
9,55.31,78.88,41.26
2,55.59,78.92,41.15
6,55.7,78.85,41.24
9,55.9,78.71,41.26
4,55.8,78.82,41.18
42,55.79,78.77,41.42
34,55.8,78.8,41.55
2,55.2,78.95,41.62
3,55.26,78.83,41.65
2,55.1,79.02,41.31
3,55.1,79.02,41.39
6,55.25,78.96,41.3
15,55.32,78.9,41.33
4,55.21,79,41.31
5,55.21,79.01,41.39
7,55.25,78.98,41.38
16,55.32,78.91,41.4
101,55.38,78.79,41.44
5,55.37,78.98,41.29
11,55.47,78.92,41.36
60,55.59,78.78,41.42
8,55.7,78.91,41.34
2,55.1,79.02,41.47
2,55.2,79.02,41.54
4,55.21,79.01,41.46
6,55.25,78.99,41.45
6,55.29,78.95,41.56
11,55.3,78.93,41.48
7,55.48,78.97,41.47
37,55.39,78.81,41.55
38,55.58,78.81,41.55
34,55.69,78.81,41.58
2,55.21,79.01,41.23
2,55.32,79,41.23
2,55.48,78.99,41.19
34,55.9,78.74,41.37
4,56,78.69,41.2
19,55.8,78.83,41.68
2,55.71,78.97,41.18
2,55.81,78.9,41.15
5,55.91,78.84,41.23
29,56,78.78,41.55
7,55.81,78.93,41.39
5,55.81,78.98,41.52
30,55.9,78.8,41.58
3,55.27,78.97,41.63
4,55.36,78.85,41.7
14,55.59,78.84,41.68
12,55.7,78.84,41.71
2,55.16,79.07,41.39
2,55.27,79.06,41.31
3,55.27,79.06,41.39
5,55.32,79,41.31
5,55.31,79.01,41.38
12,55.38,78.93,41.42
4,55.48,79.03,41.33
3,55.71,79.02,41.31
8,55.61,78.94,41.4
2,55.16,79.07,41.47
3,55.27,79.06,41.47
2,55.27,79.06,41.54
5,55.31,79.02,41.46
3,55.49,79.07,41.45
7,55.4,78.97,41.53
5,55.6,78.99,41.52
24,55.49,78.83,41.6
5,55.71,79,41.55
3,55.7,78.86,41.85
7,55.92,78.89,41.34
33,56,78.75,41.42
2,56.39,78.59,41.09
3,56.2,78.66,41.18
4,56.02,78.8,41.18
14,56.83,78.44,41.41
15,56.72,78.55,41.42
2,56.72,78.43,41.18
3,56.65,78.52,41.17
6,56.89,78.26,41.47
19,56,78.81,41.68
16,55.9,78.82,41.72
3,55.82,79.02,41.65
5,55.9,78.85,41.86
2,55.93,78.96,41.18
5,56.03,78.96,41.52
27,56.09,78.77,41.58
2,55.83,79.07,41.34
2,55.83,79.11,41.49
5,55.92,78.98,41.55
2,55.37,79.02,41.68
7,55.5,78.85,41.71
3,55.6,79.03,41.65
3,55.71,79.03,41.69
2,55.38,79.1,41.35
2,55.6,79.09,41.34
2,55.38,79.12,41.5
2,55.6,79.12,41.49
4,55.5,79.01,41.57
3,55.93,79,41.31
6,56.02,78.91,41.4
25,56.2,78.72,41.45
2,56.99,78.28,41.7
16,56.95,78.49,41.68
4,56.52,78.57,41.2
2,56.44,78.7,41.09
2,56.03,78.88,41.15
3,56.24,78.78,41.17
18,56.54,78.62,41.47
20,56.36,78.7,41.53
16,56.88,78.49,41.54
8,56.97,78.55,41.39
17,56.81,78.54,41.54
5,56.84,78.69,41.4
2,56.83,78.51,41.17
2,56.76,78.62,41.16
2,56.89,78.36,41.24
6,57.01,78.34,41.45
17,56.1,78.8,41.72
3,56.03,79,41.65
2,55.83,79.14,41.62
3,55.93,79.02,41.69
8,56.1,78.82,41.86
2,55.93,79.04,41.83
2,56.05,79.09,41.49
4,56.13,78.96,41.55
2,55.94,79.16,41.5
2,55.51,79.04,41.69
14,56.61,78.66,41.78
14,56.34,78.75,41.79
2,56.04,79.05,41.34
5,56.24,78.88,41.42
3,56.39,78.8,42.1
6,56.62,78.72,42.04
11,57.03,78.39,41.83
7,57.14,78.37,41.66
14,57.03,78.52,41.91
10,57.09,78.53,42.12
15,56.86,78.56,41.8
8,57.1,78.62,41.65
8,56.93,78.6,42.11
3,56.6,78.7,41.19
5,56.64,78.78,41.45
5,56.42,78.87,41.5
8,57.03,78.61,41.51
6,57.06,78.62,41.34
6,56.95,78.68,41.51
3,56.92,78.79,41.35
5,57.15,78.4,41.39
2,56.05,79.12,41.62
3,56.14,78.99,41.69
2,56.14,79.02,41.83
2,56.16,79.15,41.5
8,57.14,78.41,42.1
3,56.99,78.64,42.41
4,56.7,78.84,41.75
2,56.27,79.02,41.37
3,56.39,78.94,41.76
5,56.73,78.69,42.15
3,56.71,78.9,42.01
7,57.25,78.41,41.62
8,57.19,78.5,41.79
6,57.18,78.65,41.87
9,57.18,78.5,42.24
9,57.15,78.53,42.24
5,57.25,78.66,42.08
6,57,78.72,41.76
5,57.23,78.72,41.62
4,57.06,78.75,42.07
3,57.39,78.21,42.09
3,56.72,78.94,41.41
4,57.2,78.74,41.4
3,57.12,78.87,41.43
4,57.34,78.6,41.42
2,56.16,79.16,41.66
3,57.2,78.56,42.71
2,57.29,78.46,42.71
5,57.24,78.44,42.36
7,57.31,78.53,42.06
4,57.29,78.46,42.51
2,57.12,78.8,42.38
6,57.18,78.55,42.43
3,56.74,78.99,41.72
2,56.5,79.15,41.73
2,56.74,79.03,41.97
3,56.83,78.87,42.12
4,57.33,78.77,41.83
6,57.37,78.6,41.72
5,57.35,78.62,42.21
5,57.31,78.66,42.21
4,57.35,78.76,42
3,57.15,78.88,41.73
3,57.16,78.9,42.03
3,57.77,78.35,41.91
2,57.38,79.04,41.43
3,57.58,78.8,41.43
2,57.36,78.69,42.69
2,57.46,78.57,42.69
6,57.45,78.61,42.01
5,57.41,78.56,42.32
4,57.46,78.57,42.48
2,57.18,78.94,42.35
4,57.34,78.68,42.4
2,57.8,78.37,42.52
2,56.93,79.08,41.73
2,56.94,79.09,42.05
2,57.38,79.04,41.74
4,57.58,78.8,41.74
2,57.37,79.03,42.05
4,57.61,78.75,42.04
3,57.52,78.87,42.07
2,58.25,78.75,41.92
2,57.37,79.03,42.36
2,57.59,78.82,42.68
3,57.64,78.72,42.34
3,57.55,78.85,42.37
2,58.24,78.78,42.53
2,58.72,79.14,41.9
2,57.83,79.22,41.9
