ppm NH3 Concentration mole,X (m),Y (m),Z (m)
2158,-88.72,81.76,42.21
2077,-88.71,81.75,42.25
3538,-88.72,81.76,42.23
2158,-88.72,81.76,42.21
1831,-88.71,81.75,42.27
2077,-88.71,81.75,42.25
3538,-88.72,81.76,42.23
1831,-88.71,81.75,42.27
2158,-88.73,81.76,42.21
3002,-88.74,81.77,42.21
3538,-88.72,81.76,42.23
2077,-88.71,81.75,42.25
1831,-88.71,81.75,42.27
1035,-88.72,81.76,42.25
7418,-88.74,81.77,42.23
3002,-88.74,81.77,42.22
347,-88.72,81.76,42.27
5427,-88.71,81.75,42.29
1034,-88.72,81.76,42.25
7417,-88.74,81.77,42.23
347,-88.72,81.76,42.27
5427,-88.71,81.75,42.29
41,-88.7,81.75,42.33
41,-88.71,81.75,42.32
73,-88.71,81.75,42.3
71,-88.71,81.75,42.31
3002,-88.74,81.77,42.21
7418,-88.74,81.77,42.23
1034,-88.72,81.76,42.25
41,-88.7,81.75,42.33
73,-88.71,81.75,42.3
5427,-88.71,81.75,42.28
347,-88.72,81.76,42.27
32,-88.72,81.76,42.35
1066,-88.74,81.77,42.25
192,-88.74,81.77,42.27
85,-88.72,81.76,42.28
1065,-88.74,81.77,42.25
192,-88.74,81.77,42.27
85,-88.72,81.76,42.29
40,-88.73,81.77,42.25
40,-88.72,81.76,42.32
57,-88.72,81.76,42.3
57,-88.72,81.76,42.31
32,-88.72,81.76,42.34
1066,-88.74,81.77,42.25
32,-88.73,81.77,42.34
40,-88.73,81.76,42.33
57,-88.73,81.76,42.3
85,-88.72,81.76,42.29
192,-88.74,81.77,42.27
28,-88.74,81.78,42.34
85,-88.74,81.78,42.29
85,-88.74,81.77,42.29
27,-88.74,81.78,42.32
27,-88.74,81.77,42.32
43,-88.74,81.78,42.3
41,-88.74,81.77,42.31
28,-88.74,81.77,42.34
28,-88.74,81.78,42.35
27,-88.63,81.7,42.39
43,-88.64,81.7,42.28
85,-88.74,81.77,42.28
98421,-93.84,77.26,41.38
730283,-93.83,77.27,41.37
733538,-93.83,77.27,41.37
605637,-93.83,77.27,41.37
534592,-93.83,77.27,41.37
676760,-93.83,77.27,41.36
661391,-93.83,77.26,41.36
734368,-93.83,77.26,41.36
684631,-93.83,77.26,41.38
726284,-93.83,77.27,41.37
528375,-93.83,77.27,41.37
665489,-93.83,77.27,41.37
543896,-93.83,77.27,41.37
749151,-93.83,77.26,41.38
642539,-93.83,77.26,41.38
542682,-93.83,77.26,41.38
326918,-93.84,77.26,41.36
654043,-93.83,77.26,41.36
617540,-93.83,77.26,41.36
285689,-93.84,77.26,41.36
193255,-93.84,77.26,41.36
200638,-93.84,77.26,41.38
88631,-93.84,77.26,41.38
163719,-93.84,77.26,41.38
92824,-93.84,77.26,41.36
161,-93.84,77.26,41.38
14529,-93.84,77.26,41.38
551587,-93.84,77.26,41.38
170,-93.84,77.26,41.38
215411,-93.82,77.27,41.37
212552,-93.82,77.27,41.37
256112,-93.83,77.27,41.37
353417,-93.83,77.27,41.37
267389,-93.83,77.27,41.37
375894,-93.83,77.27,41.37
678233,-93.83,77.26,41.37
714067,-93.83,77.26,41.37
473497,-93.83,77.27,41.37
406039,-93.83,77.27,41.37
424582,-93.83,77.27,41.37
234384,-93.83,77.27,41.36
320831,-93.83,77.27,41.36
220221,-93.83,77.27,41.36
273192,-93.83,77.27,41.36
644571,-93.83,77.26,41.36
452805,-93.83,77.27,41.36
376896,-93.83,77.27,41.36
513564,-93.83,77.27,41.36
574619,-93.83,77.26,41.36
725869,-93.83,77.26,41.37
726767,-93.83,77.26,41.37
711169,-93.83,77.26,41.37
719317,-93.83,77.26,41.37
732853,-93.83,77.26,41.36
688198,-93.83,77.26,41.36
744051,-93.84,77.26,41.36
720742,-93.83,77.26,41.36
755517,-93.84,77.26,41.36
750772,-93.84,77.26,41.36
751669,-93.84,77.26,41.36
750510,-93.84,77.26,41.36
743492,-93.84,77.26,41.37
747359,-93.84,77.26,41.37
744091,-93.84,77.26,41.37
746266,-93.84,77.26,41.37
195846,-93.83,77.27,41.38
267757,-93.83,77.27,41.38
143538,-93.83,77.27,41.38
171634,-93.83,77.27,41.38
514824,-93.83,77.27,41.38
597104,-93.83,77.26,41.38
374525,-93.83,77.27,41.38
233442,-93.83,77.27,41.38
324719,-93.83,77.26,41.38
262186,-93.83,77.27,41.37
369236,-93.83,77.27,41.37
235178,-93.83,77.27,41.37
324337,-93.83,77.27,41.37
675107,-93.83,77.26,41.37
414342,-93.83,77.27,41.37
621479,-93.83,77.26,41.37
433110,-93.83,77.27,41.37
334513,-93.83,77.27,41.37
731447,-93.83,77.26,41.38
725485,-93.83,77.26,41.38
452461,-93.83,77.26,41.38
629536,-93.83,77.26,41.38
702623,-93.83,77.26,41.38
727419,-93.83,77.26,41.37
718648,-93.83,77.26,41.37
727270,-93.83,77.26,41.37
686676,-93.83,77.26,41.37
723698,-93.84,77.26,41.38
716952,-93.84,77.26,41.38
787746,-93.84,77.26,41.38
736060,-93.84,77.26,41.38
744454,-93.84,77.26,41.37
745742,-93.84,77.26,41.37
743166,-93.84,77.26,41.37
742418,-93.84,77.26,41.37
200743,-93.83,77.27,41.36
127840,-93.83,77.27,41.36
272032,-93.83,77.27,41.36
363123,-93.83,77.26,41.36
162216,-93.83,77.26,41.36
136495,-93.83,77.27,41.36
48247,-93.83,77.26,41.36
694816,-93.84,77.26,41.36
232850,-93.83,77.26,41.36
324567,-93.84,77.26,41.36
479258,-93.83,77.26,41.36
613085,-93.83,77.26,41.36
202582,-93.83,77.26,41.36
29457,-93.84,77.26,41.35
13414,-93.84,77.26,41.35
31142,-93.83,77.26,41.35
4612,-93.83,77.26,41.35
37099,-93.83,77.26,41.35
799092,-93.84,77.26,41.36
742550,-93.84,77.26,41.36
421700,-93.84,77.26,41.36
452782,-93.84,77.26,41.36
1192,-93.84,77.26,41.35
397,-93.84,77.26,41.35
2258,-93.83,77.26,41.35
61249,-93.83,77.27,41.38
5600,-93.83,77.27,41.38
56701,-93.83,77.27,41.38
69849,-93.83,77.26,41.38
3814,-93.83,77.26,41.38
92131,-93.83,77.26,41.38
3037,-93.83,77.26,41.38
124988,-93.83,77.26,41.38
250591,-93.84,77.26,41.38
3087,-93.83,77.26,41.38
141,-93.83,77.26,41.39
39,-93.84,77.26,41.39
359912,-93.84,77.26,41.38
887,-93.84,77.26,41.38
2953,-93.84,77.26,41.38
339130,-93.84,77.26,41.38
795769,-93.84,77.26,41.36
789304,-93.84,77.26,41.36
788895,-93.84,77.26,41.37
791131,-93.84,77.26,41.37
764850,-93.84,77.26,41.38
796396,-93.84,77.26,41.38
789259,-93.84,77.26,41.37
787400,-93.84,77.26,41.37
1981,-93.85,77.25,41.38
41466,-93.85,77.25,41.38
131513,-93.85,77.25,41.37
128255,-93.85,77.25,41.37
32422,-93.85,77.25,41.37
10133,-93.85,77.25,41.37
3789,-93.84,77.26,41.35
348,-93.84,77.25,41.35
47,-93.84,77.25,41.35
812166,-93.84,77.26,41.36
482701,-93.84,77.26,41.36
6910,-93.84,77.26,41.36
677,-93.84,77.25,41.36
70,-93.85,77.25,41.36
95,-93.84,77.26,41.35
32753,-93.84,77.25,41.38
33827,-93.84,77.26,41.38
9560,-93.84,77.25,41.38
111769,-93.82,77.27,41.36
129570,-93.82,77.27,41.36
72955,-93.82,77.27,41.36
79863,-93.82,77.27,41.36
170205,-93.82,77.27,41.37
202636,-93.82,77.27,41.37
169142,-93.82,77.27,41.37
195782,-93.82,77.27,41.37
48301,-93.82,77.27,41.37
157408,-93.82,77.27,41.36
139275,-93.82,77.27,41.36
185587,-93.82,77.27,41.36
162092,-93.82,77.27,41.36
83745,-93.82,77.27,41.38
127544,-93.82,77.27,41.38
153191,-93.82,77.27,41.38
100076,-93.82,77.27,41.38
165094,-93.82,77.27,41.37
189836,-93.82,77.27,41.37
46695,-93.82,77.27,41.37
153679,-93.82,77.27,41.37
183332,-93.82,77.27,41.37
66648,-93.82,77.27,41.37
114706,-93.83,77.27,41.37
71982,-93.82,77.27,41.37
120906,-93.83,77.27,41.37
198679,-93.83,77.26,41.37
208692,-93.83,77.26,41.37
172242,-93.83,77.26,41.37
172489,-93.83,77.26,41.37
56093,-93.82,77.27,41.36
98196,-93.83,77.27,41.36
50420,-93.82,77.27,41.36
193006,-93.83,77.27,41.36
79724,-93.83,77.27,41.36
206740,-93.83,77.26,41.36
157176,-93.83,77.26,41.36
131625,-93.83,77.26,41.36
187849,-93.83,77.26,41.36
239160,-93.83,77.26,41.37
238729,-93.83,77.26,41.37
226133,-93.83,77.26,41.37
228618,-93.83,77.26,41.37
239119,-93.83,77.26,41.36
219024,-93.83,77.26,41.36
233056,-93.83,77.26,41.36
213430,-93.83,77.26,41.36
272226,-93.84,77.26,41.36
254108,-93.84,77.26,41.36
257204,-93.84,77.26,41.36
242794,-93.84,77.26,41.36
269378,-93.84,77.26,41.37
270152,-93.84,77.26,41.37
256465,-93.84,77.26,41.37
256592,-93.84,77.26,41.37
40250,-93.82,77.27,41.38
72481,-93.83,77.27,41.38
112428,-93.82,77.27,41.38
25764,-93.82,77.27,41.38
39050,-93.83,77.27,41.38
172512,-93.83,77.26,41.38
119663,-93.83,77.26,41.38
69652,-93.83,77.26,41.38
110164,-93.83,77.26,41.38
68447,-93.82,77.27,41.37
117058,-93.83,77.27,41.37
56257,-93.82,77.27,41.37
100214,-93.83,77.27,41.37
199145,-93.83,77.26,41.37
169843,-93.83,77.26,41.37
190314,-93.83,77.26,41.37
151913,-93.83,77.26,41.37
211148,-93.83,77.26,41.38
195086,-93.83,77.26,41.38
155318,-93.83,77.26,41.38
166135,-93.83,77.26,41.38
239607,-93.83,77.26,41.37
227794,-93.83,77.26,41.37
232093,-93.83,77.26,41.37
212589,-93.83,77.26,41.37
215846,-93.84,77.26,41.38
223530,-93.84,77.26,41.38
193483,-93.84,77.26,41.38
185082,-93.84,77.26,41.38
270810,-93.84,77.26,41.37
257418,-93.84,77.26,41.37
249215,-93.84,77.26,41.37
263957,-93.84,77.26,41.37
1505,-93.83,77.26,41.35
854,-93.83,77.26,41.35
156948,-93.83,77.27,41.36
93706,-93.83,77.27,41.36
49613,-93.83,77.27,41.36
99627,-93.83,77.27,41.36
26256,-93.83,77.27,41.36
88516,-93.83,77.26,41.36
39818,-93.83,77.26,41.36
134637,-93.83,77.26,41.36
60533,-93.83,77.26,41.36
11165,-93.83,77.27,41.35
7478,-93.83,77.27,41.35
31919,-93.82,77.27,41.35
34228,-93.83,77.27,41.35
6767,-93.83,77.26,41.35
5350,-93.83,77.26,41.35
36848,-93.83,77.27,41.35
21735,-93.83,77.26,41.36
30510,-93.83,77.26,41.35
196715,-93.83,77.26,41.36
97776,-93.83,77.26,41.36
181692,-93.83,77.26,41.36
82601,-93.83,77.26,41.36
24440,-93.84,77.26,41.35
3665,-93.84,77.26,41.35
18796,-93.84,77.26,41.35
2096,-93.84,77.26,41.35
25357,-93.83,77.26,41.35
4709,-93.83,77.26,41.35
2829,-93.83,77.26,41.35
5676,-93.83,77.26,41.35
22928,-93.83,77.26,41.36
221607,-93.84,77.26,41.36
212169,-93.84,77.26,41.36
97117,-93.84,77.26,41.36
91755,-93.84,77.26,41.36
132,-93.84,77.26,41.35
51,-93.84,77.26,41.35
249,-93.83,77.26,41.35
470,-93.83,77.26,41.35
281,-93.83,77.26,41.35
33,-93.84,77.26,41.35
25966,-93.82,77.27,41.38
29031,-93.82,77.27,41.38
4384,-93.82,77.27,41.38
34006,-93.83,77.27,41.38
4071,-93.83,77.27,41.38
36918,-93.83,77.27,41.38
15933,-93.83,77.27,41.38
3633,-93.83,77.27,41.38
5086,-93.83,77.26,41.38
19758,-93.83,77.26,41.38
4273,-93.83,77.26,41.38
25597,-93.83,77.26,41.38
950,-93.82,77.27,41.39
574,-93.83,77.27,41.39
411,-93.83,77.27,41.39
326,-93.83,77.26,41.39
168,-93.83,77.27,41.39
98,-93.83,77.26,41.39
67,-93.83,77.26,41.39
3004,-93.83,77.26,41.38
31580,-93.83,77.26,41.38
1566,-93.83,77.26,41.38
40197,-93.83,77.26,41.38
43,-93.83,77.26,41.39
212,-93.83,77.26,41.39
90,-93.83,77.26,41.39
388,-93.83,77.26,41.39
40,-93.84,77.26,41.39
178,-93.84,77.26,41.39
38134,-93.84,77.26,41.38
393,-93.84,77.26,41.38
976,-93.84,77.26,41.38
38962,-93.84,77.26,41.38
289405,-93.84,77.26,41.36
266391,-93.84,77.26,41.36
311817,-93.84,77.25,41.36
284774,-93.84,77.25,41.36
284546,-93.84,77.26,41.37
285845,-93.84,77.26,41.37
306880,-93.84,77.25,41.37
304902,-93.84,77.25,41.37
262964,-93.84,77.25,41.36
227080,-93.84,77.25,41.36
155276,-93.85,77.25,41.36
201059,-93.85,77.25,41.36
261866,-93.84,77.25,41.37
260365,-93.84,77.25,41.37
205970,-93.85,77.25,41.37
205686,-93.85,77.25,41.37
232119,-93.84,77.26,41.38
248903,-93.84,77.25,41.38
177093,-93.84,77.25,41.38
182129,-93.84,77.26,41.38
286682,-93.84,77.26,41.37
306915,-93.84,77.25,41.37
282428,-93.84,77.26,41.37
306060,-93.84,77.25,41.37
196031,-93.84,77.25,41.38
116986,-93.84,77.25,41.38
37659,-93.85,77.25,41.38
132312,-93.85,77.25,41.38
260252,-93.84,77.25,41.37
259043,-93.84,77.25,41.37
199535,-93.85,77.25,41.37
202788,-93.85,77.25,41.37
46943,-93.85,77.25,41.36
396,-93.85,77.25,41.36
125337,-93.85,77.25,41.36
11213,-93.85,77.25,41.36
135425,-93.85,77.25,41.37
137069,-93.85,77.25,41.37
33962,-93.85,77.25,41.37
44147,-93.85,77.25,41.37
140,-93.85,77.25,41.38
1374,-93.85,77.25,41.38
76,-93.85,77.25,41.38
5412,-93.85,77.25,41.37
4934,-93.85,77.25,41.37
816,-93.85,77.25,41.37
358,-93.85,77.25,41.37
11390,-93.84,77.26,41.35
909,-93.84,77.25,41.35
242,-93.84,77.25,41.35
3727,-93.84,77.25,41.36
55,-93.84,77.25,41.35
146,-93.84,77.25,41.36
166,-93.84,77.25,41.36
211162,-93.84,77.26,41.36
79462,-93.84,77.26,41.36
205819,-93.84,77.25,41.36
67340,-93.84,77.25,41.36
134080,-93.84,77.25,41.36
23451,-93.84,77.25,41.36
49137,-93.85,77.25,41.36
3462,-93.84,77.25,41.36
4184,-93.85,77.25,41.36
65,-93.85,77.25,41.36
59,-93.84,77.25,41.39
147,-93.84,77.25,41.38
1751,-93.84,77.25,41.38
3116,-93.84,77.25,41.38
384,-93.84,77.25,41.38
45,-93.84,77.25,41.38
636,-93.84,77.25,41.38
117,-93.84,77.25,41.38
59435,-93.81,77.28,41.36
68804,-93.82,77.28,41.36
25228,-93.82,77.28,41.35
80172,-93.82,77.27,41.36
24027,-93.82,77.27,41.35
19780,-93.82,77.27,41.36
20903,-93.82,77.27,41.36
14068,-93.82,77.27,41.36
14286,-93.82,77.27,41.36
26717,-93.82,77.27,41.35
93946,-93.81,77.28,41.37
84598,-93.81,77.28,41.36
112723,-93.82,77.28,41.37
100920,-93.82,77.28,41.36
137640,-93.82,77.27,41.37
28707,-93.82,77.27,41.37
33515,-93.82,77.27,41.37
28789,-93.82,77.27,41.37
33505,-93.82,77.27,41.37
122861,-93.82,77.27,41.36
26802,-93.82,77.27,41.36
23947,-93.82,77.27,41.36
30332,-93.82,77.27,41.36
26305,-93.82,77.27,41.36
57250,-93.81,77.28,41.38
69749,-93.82,77.28,41.38
86661,-93.81,77.28,41.37
105255,-93.82,77.28,41.37
86459,-93.82,77.27,41.38
12624,-93.82,77.27,41.38
19235,-93.82,77.27,41.38
21570,-93.82,77.27,41.38
13821,-93.82,77.27,41.38
130145,-93.82,77.27,41.37
27501,-93.82,77.27,41.37
32048,-93.82,77.27,41.37
24246,-93.82,77.27,41.37
27938,-93.82,77.27,41.37
39902,-93.82,77.27,41.37
42625,-93.82,77.26,41.37
40277,-93.82,77.27,41.37
43444,-93.82,77.26,41.37
47625,-93.83,77.26,41.37
46371,-93.83,77.26,41.37
44222,-93.83,77.26,41.37
45515,-93.83,77.26,41.37
36996,-93.82,77.27,41.36
40734,-93.82,77.26,41.36
32785,-93.82,77.27,41.36
37631,-93.82,77.26,41.36
44348,-93.83,77.26,41.36
42335,-93.83,77.26,41.36
38622,-93.83,77.26,41.36
39392,-93.83,77.26,41.36
47866,-93.83,77.26,41.37
47842,-93.83,77.26,41.37
48936,-93.83,77.26,41.37
48832,-93.83,77.26,41.37
48000,-93.83,77.26,41.36
48207,-93.83,77.26,41.36
44423,-93.83,77.26,41.36
42488,-93.83,77.26,41.36
42233,-93.84,77.26,41.36
38466,-93.84,77.26,41.36
46049,-93.83,77.26,41.36
42454,-93.83,77.26,41.36
41361,-93.84,77.26,41.37
41549,-93.84,77.26,41.37
45518,-93.83,77.26,41.37
45591,-93.83,77.26,41.37
26811,-93.82,77.27,41.38
30379,-93.82,77.26,41.38
16858,-93.82,77.27,41.38
19962,-93.82,77.26,41.38
33042,-93.83,77.26,41.38
32079,-93.83,77.26,41.38
21216,-93.83,77.26,41.38
21167,-93.83,77.26,41.38
38906,-93.82,77.27,41.37
42568,-93.82,77.26,41.37
34568,-93.82,77.27,41.37
38160,-93.82,77.26,41.37
47027,-93.83,77.26,41.37
45143,-93.83,77.26,41.37
42358,-93.83,77.26,41.37
40408,-93.83,77.26,41.37
37364,-93.83,77.26,41.38
35781,-93.83,77.26,41.38
22096,-93.83,77.26,41.38
23477,-93.83,77.26,41.38
48082,-93.83,77.26,41.37
48795,-93.83,77.26,41.37
45703,-93.83,77.26,41.37
45559,-93.83,77.26,41.37
35499,-93.83,77.26,41.38
31798,-93.84,77.26,41.38
21097,-93.84,77.26,41.38
24064,-93.83,77.26,41.38
41941,-93.84,77.26,41.37
45966,-93.83,77.26,41.37
43984,-93.83,77.26,41.37
40443,-93.84,77.26,41.37
2484,-93.82,77.27,41.35
1821,-93.83,77.27,41.35
739,-93.82,77.27,41.35
551,-93.83,77.27,41.35
1052,-93.83,77.26,41.35
1784,-93.83,77.26,41.35
1470,-93.83,77.26,41.35
641,-93.83,77.26,41.35
379,-93.83,77.26,41.35
209,-93.83,77.26,41.35
25128,-93.82,77.27,41.36
15358,-93.82,77.27,41.36
29663,-93.82,77.26,41.36
18051,-93.82,77.26,41.36
30692,-93.83,77.26,41.36
19946,-93.83,77.26,41.36
30216,-93.83,77.26,41.36
19227,-93.83,77.26,41.36
7965,-93.82,77.27,41.35
3773,-93.82,77.27,41.35
3816,-93.82,77.26,41.35
7638,-93.82,77.27,41.35
8223,-93.82,77.26,41.35
3736,-93.83,77.26,41.35
3743,-93.83,77.26,41.35
9306,-93.83,77.26,41.35
9639,-93.83,77.26,41.35
32045,-93.83,77.26,41.36
15389,-93.83,77.26,41.36
30700,-93.83,77.26,41.36
16648,-93.83,77.26,41.36
4878,-93.83,77.26,41.35
1601,-93.83,77.26,41.35
3405,-93.84,77.26,41.35
942,-93.84,77.26,41.35
6313,-93.83,77.26,41.35
2405,-93.83,77.26,41.35
3281,-93.83,77.26,41.35
8077,-93.83,77.26,41.35
28303,-93.84,77.26,41.36
32273,-93.83,77.26,41.36
13609,-93.83,77.26,41.36
10858,-93.84,77.26,41.36
202,-93.83,77.26,41.35
515,-93.83,77.26,41.35
104,-93.84,77.25,41.35
281,-93.84,77.26,41.35
834,-93.83,77.26,41.35
1190,-93.83,77.26,41.35
135,-93.83,77.26,41.35
67,-93.83,77.26,41.35
490,-93.83,77.26,41.35
335,-93.83,77.26,41.35
15733,-93.81,77.28,41.38
15240,-93.82,77.28,41.38
3752,-93.82,77.28,41.39
5749,-93.82,77.27,41.38
6057,-93.82,77.27,41.38
15378,-93.82,77.27,41.38
5301,-93.82,77.27,41.38
4559,-93.82,77.27,41.38
2843,-93.82,77.27,41.38
2847,-93.82,77.27,41.38
2765,-93.82,77.27,41.38
7323,-93.82,77.27,41.38
3010,-93.82,77.26,41.38
8799,-93.82,77.26,41.38
2982,-93.83,77.26,41.38
9105,-93.83,77.26,41.38
2497,-93.83,77.26,41.38
8248,-93.83,77.26,41.38
666,-93.82,77.27,41.39
1223,-93.82,77.27,41.39
1052,-93.82,77.26,41.39
367,-93.83,77.26,41.39
282,-93.83,77.26,41.39
958,-93.83,77.26,41.39
780,-93.83,77.26,41.39
443,-93.82,77.26,41.39
138,-93.83,77.27,41.39
156,-93.82,77.27,41.39
31,-93.83,77.26,41.39
1999,-93.83,77.26,41.38
7486,-93.83,77.26,41.38
1610,-93.83,77.26,41.38
6935,-93.83,77.26,41.38
180,-93.83,77.26,41.39
111,-93.83,77.26,41.39
577,-93.83,77.26,41.39
388,-93.83,77.26,41.39
32,-93.84,77.26,41.39
129,-93.84,77.26,41.39
63,-93.83,77.26,41.39
232,-93.83,77.26,41.39
4656,-93.84,77.26,41.38
759,-93.84,77.26,41.38
1187,-93.83,77.26,41.38
6002,-93.83,77.26,41.38
67,-93.83,77.26,41.39
40,-93.83,77.26,41.39
36132,-93.84,77.25,41.36
32187,-93.84,77.25,41.36
27631,-93.84,77.25,41.36
23579,-93.84,77.25,41.36
35117,-93.84,77.25,41.37
35375,-93.84,77.25,41.37
27081,-93.84,77.25,41.37
26838,-93.84,77.25,41.37
19528,-93.84,77.25,41.36
15402,-93.84,77.25,41.36
7975,-93.84,77.25,41.36
11637,-93.84,77.25,41.36
19435,-93.84,77.25,41.37
19258,-93.84,77.25,41.37
12021,-93.84,77.25,41.37
11961,-93.84,77.25,41.37
26143,-93.84,77.25,41.38
18727,-93.84,77.25,41.38
10339,-93.84,77.25,41.38
16235,-93.84,77.25,41.38
35658,-93.84,77.25,41.37
27167,-93.84,77.25,41.37
34651,-93.84,77.25,41.37
26538,-93.84,77.25,41.37
11995,-93.84,77.25,41.38
5261,-93.84,77.25,41.38
1389,-93.84,77.25,41.38
6062,-93.84,77.25,41.38
19336,-93.84,77.25,41.37
18831,-93.84,77.25,41.37
11321,-93.84,77.25,41.37
11806,-93.84,77.25,41.37
1794,-93.85,77.25,41.36
126,-93.85,77.25,41.36
4956,-93.85,77.25,41.36
422,-93.85,77.25,41.36
5639,-93.85,77.25,41.37
5676,-93.85,77.25,41.37
890,-93.85,77.25,41.37
1111,-93.85,77.25,41.37
27,-93.85,77.24,41.37
52,-93.84,77.25,41.38
215,-93.84,77.25,41.38
30,-93.85,77.24,41.38
655,-93.84,77.25,41.37
541,-93.84,77.25,41.37
118,-93.85,77.24,41.37
74,-93.85,77.24,41.37
2037,-93.84,77.25,41.35
479,-93.84,77.25,41.35
196,-93.84,77.25,41.35
946,-93.84,77.25,41.35
63,-93.84,77.25,41.35
322,-93.84,77.25,41.35
78,-93.84,77.25,41.35
21972,-93.84,77.25,41.36
7582,-93.84,77.25,41.36
14262,-93.84,77.25,41.36
4346,-93.84,77.25,41.36
7367,-93.84,77.25,41.36
1796,-93.84,77.25,41.36
2375,-93.84,77.25,41.36
455,-93.84,77.25,41.36
47,-93.84,77.25,41.35
133,-93.84,77.25,41.35
53,-93.84,77.25,41.35
358,-93.85,77.25,41.36
61,-93.85,77.25,41.36
31,-93.85,77.25,41.36
54,-93.84,77.25,41.39
106,-93.84,77.25,41.38
481,-93.84,77.25,41.38
921,-93.84,77.25,41.38
226,-93.84,77.25,41.38
41,-93.84,77.25,41.38
199,-93.84,77.25,41.38
57,-93.84,77.25,41.38
25554,-93.81,77.28,41.35
25899,-93.81,77.29,41.35
45594,-93.81,77.29,41.36
24966,-93.81,77.28,41.35
51897,-93.81,77.28,41.36
67340,-93.81,77.29,41.37
61863,-93.81,77.29,41.36
79284,-93.81,77.28,41.37
71854,-93.81,77.28,41.36
40383,-93.81,77.29,41.38
60546,-93.81,77.29,41.37
47526,-93.81,77.28,41.38
72296,-93.81,77.28,41.37
14872,-93.81,77.29,41.38
15542,-93.81,77.28,41.38
2693,-93.81,77.28,41.39
245,-93.82,77.28,41.34
139,-93.82,77.27,41.34
79,-93.82,77.27,41.34
40,-93.83,77.27,41.34
5683,-93.82,77.28,41.35
1134,-93.82,77.28,41.34
11632,-93.81,77.28,41.36
7197,-93.81,77.28,41.35
13760,-93.81,77.27,41.36
7523,-93.81,77.27,41.35
3993,-93.82,77.27,41.35
683,-93.82,77.27,41.34
2473,-93.82,77.27,41.35
381,-93.82,77.27,41.34
16912,-93.82,77.27,41.36
7770,-93.82,77.27,41.35
10665,-93.82,77.27,41.36
11305,-93.82,77.27,41.36
8248,-93.82,77.27,41.36
8369,-93.82,77.27,41.36
8328,-93.82,77.27,41.35
7691,-93.82,77.27,41.35
17110,-93.81,77.28,41.37
15843,-93.81,77.28,41.36
20794,-93.81,77.27,41.37
19147,-93.81,77.27,41.36
25818,-93.82,77.27,41.37
14418,-93.82,77.27,41.37
15798,-93.82,77.27,41.37
14276,-93.82,77.27,41.37
15774,-93.82,77.27,41.37
23774,-93.82,77.27,41.36
13798,-93.82,77.27,41.36
12645,-93.82,77.27,41.36
15065,-93.82,77.27,41.36
13632,-93.82,77.27,41.36
9946,-93.81,77.28,41.38
12166,-93.81,77.27,41.38
15118,-93.81,77.28,41.37
18611,-93.81,77.27,41.37
15524,-93.82,77.27,41.38
6654,-93.82,77.27,41.38
9479,-93.82,77.27,41.38
10365,-93.82,77.27,41.38
7103,-93.82,77.27,41.38
23550,-93.82,77.27,41.37
13503,-93.82,77.27,41.37
14937,-93.82,77.27,41.37
11889,-93.82,77.27,41.37
13085,-93.82,77.27,41.37
17127,-93.82,77.26,41.37
17753,-93.82,77.26,41.37
17205,-93.82,77.26,41.37
17877,-93.82,77.26,41.37
17246,-93.83,77.26,41.37
17137,-93.83,77.26,41.37
17751,-93.83,77.26,41.37
17902,-93.83,77.26,41.37
16354,-93.82,77.26,41.36
16994,-93.82,77.26,41.36
14819,-93.82,77.26,41.36
15441,-93.82,77.26,41.36
16516,-93.83,77.26,41.36
17024,-93.83,77.26,41.36
15414,-93.83,77.26,41.36
14860,-93.83,77.26,41.36
14035,-93.83,77.26,41.37
14114,-93.83,77.26,41.37
15971,-93.83,77.26,41.37
16007,-93.83,77.26,41.37
13957,-93.83,77.26,41.36
15662,-93.83,77.26,41.36
12747,-93.83,77.26,41.36
14113,-93.83,77.26,41.36
9453,-93.83,77.25,41.36
8538,-93.83,77.25,41.36
11870,-93.83,77.26,41.36
10839,-93.83,77.26,41.36
9459,-93.83,77.25,41.37
9529,-93.83,77.25,41.37
11887,-93.83,77.26,41.37
11966,-93.83,77.26,41.37
11325,-93.82,77.26,41.38
11909,-93.82,77.26,41.38
7708,-93.82,77.26,41.38
8060,-93.82,77.26,41.38
11790,-93.83,77.26,41.38
12078,-93.83,77.26,41.38
8075,-93.83,77.26,41.38
7749,-93.83,77.26,41.38
16361,-93.82,77.26,41.37
17117,-93.82,77.26,41.37
14327,-93.82,77.26,41.37
15075,-93.82,77.26,41.37
16689,-93.83,77.26,41.37
17249,-93.83,77.26,41.37
14960,-93.83,77.26,41.37
15302,-93.83,77.26,41.37
10220,-93.83,77.26,41.38
11297,-93.83,77.26,41.38
7318,-93.83,77.26,41.38
6641,-93.83,77.26,41.38
13753,-93.83,77.26,41.37
15553,-93.83,77.26,41.37
12699,-93.83,77.26,41.37
14208,-93.83,77.26,41.37
8678,-93.83,77.26,41.38
6785,-93.83,77.25,41.38
4304,-93.83,77.25,41.38
5665,-93.83,77.26,41.38
9334,-93.83,77.25,41.37
11699,-93.83,77.26,41.37
10832,-93.83,77.26,41.37
8643,-93.83,77.25,41.37
1512,-93.82,77.26,41.35
1417,-93.82,77.26,41.35
763,-93.82,77.26,41.35
684,-93.82,77.26,41.35
161,-93.83,77.27,41.34
1283,-93.83,77.26,41.35
1045,-93.83,77.26,41.35
609,-93.83,77.26,41.35
483,-93.83,77.26,41.35
80,-93.83,77.26,41.34
12147,-93.82,77.26,41.36
8699,-93.82,77.26,41.36
12613,-93.82,77.26,41.36
8917,-93.82,77.26,41.36
12497,-93.83,77.26,41.36
8749,-93.83,77.26,41.36
11835,-93.83,77.26,41.36
8024,-93.83,77.26,41.36
3028,-93.82,77.26,41.35
2834,-93.82,77.26,41.35
5290,-93.82,77.26,41.35
5263,-93.82,77.26,41.35
2629,-93.83,77.26,41.35
2260,-93.83,77.26,41.35
5071,-93.83,77.26,41.35
4563,-93.83,77.26,41.35
9849,-93.83,77.26,41.36
5949,-93.83,77.26,41.36
10989,-93.83,77.26,41.36
7038,-93.83,77.26,41.36
2188,-93.83,77.25,41.35
880,-93.83,77.25,41.35
1438,-93.83,77.25,41.35
528,-93.83,77.25,41.35
2990,-93.83,77.26,41.35
1316,-93.83,77.26,41.35
1800,-93.83,77.26,41.35
3820,-93.83,77.26,41.35
6391,-93.83,77.25,41.36
8356,-93.83,77.26,41.36
4723,-93.83,77.25,41.36
3388,-93.83,77.25,41.36
137,-93.83,77.25,41.35
336,-93.83,77.25,41.35
73,-93.83,77.25,41.35
188,-93.83,77.25,41.35
31,-93.83,77.25,41.35
537,-93.83,77.26,41.35
785,-93.83,77.26,41.35
26,-93.83,77.25,41.34
60,-93.83,77.25,41.35
357,-93.83,77.26,41.35
228,-93.83,77.26,41.35
29,-93.83,77.26,41.34
4234,-93.81,77.28,41.38
4758,-93.81,77.27,41.38
1673,-93.81,77.28,41.39
1113,-93.82,77.28,41.39
1575,-93.81,77.28,41.39
37,-93.82,77.28,41.4
216,-93.82,77.28,41.39
5630,-93.82,77.27,41.38
3776,-93.82,77.27,41.38
3941,-93.82,77.27,41.38
1228,-93.82,77.27,41.39
2061,-93.82,77.27,41.38
1959,-93.82,77.27,41.38
594,-93.82,77.27,41.39
138,-93.82,77.27,41.39
70,-93.82,77.27,41.39
1938,-93.82,77.26,41.38
4167,-93.82,77.26,41.38
1855,-93.82,77.26,41.38
4233,-93.82,77.26,41.38
1687,-93.82,77.26,41.38
4073,-93.83,77.26,41.38
1447,-93.83,77.26,41.38
3717,-93.83,77.26,41.38
834,-93.82,77.26,41.39
747,-93.82,77.26,41.39
245,-93.82,77.26,41.39
183,-93.83,77.26,41.39
641,-93.82,77.26,41.39
516,-93.83,77.26,41.39
358,-93.82,77.26,41.39
300,-93.82,77.26,41.39
33,-93.82,77.27,41.39
41,-93.82,77.26,41.39
27,-93.83,77.26,41.39
93,-93.82,77.26,41.39
67,-93.83,77.26,41.39
1192,-93.83,77.26,41.38
3297,-93.83,77.26,41.38
923,-93.83,77.26,41.38
2779,-93.83,77.26,41.38
130,-93.83,77.26,41.39
86,-93.83,77.26,41.39
393,-93.83,77.26,41.39
279,-93.83,77.26,41.39
29,-93.83,77.25,41.39
106,-93.83,77.25,41.39
52,-93.83,77.26,41.39
182,-93.83,77.26,41.39
1509,-93.83,77.25,41.38
412,-93.83,77.25,41.38
655,-93.83,77.26,41.38
2169,-93.83,77.26,41.38
46,-93.83,77.26,41.39
28,-93.83,77.26,41.39
7020,-93.84,77.25,41.36
6185,-93.84,77.25,41.36
4790,-93.84,77.25,41.36
4044,-93.84,77.25,41.36
7046,-93.84,77.25,41.37
7098,-93.84,77.25,41.37
4886,-93.84,77.25,41.37
4856,-93.84,77.25,41.37
3020,-93.84,77.25,41.36
2381,-93.84,77.25,41.36
1103,-93.84,77.25,41.36
1575,-93.84,77.25,41.36
3136,-93.84,77.25,41.37
3121,-93.84,77.25,41.37
1696,-93.84,77.25,41.37
1696,-93.84,77.25,41.37
4861,-93.84,77.25,41.38
3129,-93.84,77.25,41.38
1701,-93.84,77.25,41.38
2905,-93.84,77.25,41.38
6957,-93.84,77.25,41.37
4784,-93.84,77.25,41.37
6425,-93.84,77.25,41.37
4389,-93.84,77.25,41.37
1808,-93.84,77.25,41.38
827,-93.84,77.25,41.38
263,-93.84,77.25,41.38
817,-93.84,77.25,41.38
3059,-93.84,77.25,41.37
2773,-93.84,77.25,41.37
1450,-93.84,77.25,41.37
1640,-93.84,77.25,41.37
300,-93.84,77.25,41.36
45,-93.85,77.24,41.36
588,-93.84,77.25,41.36
89,-93.85,77.24,41.36
688,-93.84,77.25,41.37
699,-93.84,77.25,41.37
131,-93.85,77.24,41.37
148,-93.85,77.24,41.37
59,-93.84,77.24,41.38
149,-93.84,77.24,41.37
117,-93.84,77.24,41.37
34,-93.84,77.24,41.37
830,-93.84,77.25,41.35
278,-93.84,77.25,41.35
123,-93.84,77.25,41.35
401,-93.84,77.25,41.35
45,-93.84,77.25,41.35
153,-93.84,77.25,41.35
43,-93.84,77.25,41.35
4380,-93.84,77.25,41.36
2159,-93.84,77.25,41.36
2621,-93.84,77.25,41.36
1167,-93.84,77.25,41.36
1329,-93.84,77.25,41.36
503,-93.84,77.25,41.36
478,-93.84,77.25,41.36
152,-93.84,77.25,41.36
35,-93.84,77.25,41.35
93,-93.84,77.25,41.35
39,-93.84,77.25,41.35
107,-93.84,77.25,41.36
33,-93.84,77.25,41.36
40,-93.83,77.25,41.39
59,-93.84,77.25,41.38
181,-93.84,77.25,41.38
358,-93.83,77.25,41.38
121,-93.83,77.25,41.38
26,-93.84,77.25,41.38
83,-93.84,77.25,41.38
28,-93.84,77.25,41.38
67,-93.81,77.3,41.32
312,-93.81,77.29,41.33
96,-93.81,77.29,41.33
448,-93.81,77.28,41.34
8675,-93.8,77.29,41.35
6801,-93.81,77.28,41.35
1749,-93.81,77.28,41.34
10197,-93.81,77.29,41.35
31365,-93.8,77.29,41.36
5928,-93.8,77.28,41.35
8939,-93.8,77.28,41.36
6625,-93.8,77.28,41.35
10170,-93.81,77.28,41.36
51361,-93.81,77.29,41.37
12022,-93.8,77.28,41.37
11379,-93.8,77.28,41.36
14290,-93.81,77.28,41.37
13353,-93.81,77.28,41.36
39864,-93.81,77.29,41.38
7234,-93.8,77.28,41.38
10527,-93.8,77.28,41.37
8388,-93.81,77.28,41.38
12560,-93.81,77.28,41.37
9117,-93.79,77.31,41.38
9533,-93.8,77.3,41.38
9656,-93.8,77.29,41.38
3895,-93.8,77.28,41.38
4019,-93.8,77.28,41.38
4112,-93.81,77.29,41.39
3162,-93.81,77.28,41.39
2224,-93.8,77.28,41.39
1966,-93.8,77.28,41.39
54,-93.81,77.28,41.4
391,-93.81,77.28,41.39
108,-93.81,77.28,41.34
61,-93.82,77.28,41.34
276,-93.81,77.27,41.34
178,-93.81,77.27,41.34
38,-93.82,77.27,41.34
114,-93.82,77.26,41.34
30,-93.82,77.26,41.33
76,-93.82,77.26,41.34
47,-93.83,77.26,41.34
1732,-93.81,77.27,41.35
662,-93.81,77.27,41.34
6347,-93.81,77.28,41.36
4178,-93.81,77.28,41.35
6817,-93.81,77.27,41.36
4106,-93.81,77.27,41.35
1447,-93.81,77.27,41.35
478,-93.81,77.27,41.34
1205,-93.82,77.27,41.35
341,-93.82,77.26,41.34
7205,-93.81,77.27,41.36
3895,-93.81,77.27,41.35
4537,-93.82,77.27,41.36
5729,-93.82,77.27,41.36
5767,-93.82,77.26,41.36
4500,-93.82,77.26,41.36
3563,-93.82,77.27,41.35
8291,-93.81,77.28,41.37
7962,-93.81,77.28,41.36
9187,-93.81,77.27,41.37
8768,-93.81,77.27,41.36
10132,-93.81,77.27,41.37
7515,-93.82,77.27,41.37
7747,-93.82,77.26,41.37
7374,-93.82,77.27,41.37
7633,-93.82,77.26,41.37
9560,-93.81,77.27,41.36
7258,-93.82,77.27,41.36
6666,-93.82,77.27,41.36
7447,-93.82,77.26,41.36
6833,-93.82,77.26,41.36
5129,-93.81,77.28,41.38
5563,-93.81,77.27,41.38
7300,-93.81,77.28,41.37
8102,-93.81,77.27,41.37
5957,-93.81,77.27,41.38
3462,-93.82,77.27,41.38
4846,-93.82,77.27,41.38
4943,-93.82,77.26,41.38
3530,-93.82,77.26,41.38
8942,-93.81,77.27,41.37
6908,-93.82,77.27,41.37
7145,-93.82,77.26,41.37
5999,-93.82,77.27,41.37
6215,-93.82,77.26,41.37
8146,-93.82,77.26,41.37
7924,-93.82,77.26,41.37
8060,-93.82,77.26,41.37
7839,-93.82,77.26,41.37
6984,-93.83,77.26,41.37
7081,-93.83,77.26,41.37
7862,-93.82,77.26,41.37
7783,-93.82,77.26,41.37
7816,-93.82,77.26,41.36
7603,-93.82,77.26,41.36
7149,-93.82,77.26,41.36
6965,-93.82,77.26,41.36
6833,-93.83,77.26,41.36
7559,-93.82,77.26,41.36
6887,-93.82,77.26,41.36
6235,-93.83,77.26,41.36
5199,-93.83,77.25,41.37
5301,-93.83,77.25,41.37
6390,-93.83,77.26,41.37
6497,-93.83,77.26,41.37
5160,-93.83,77.25,41.36
6308,-93.83,77.26,41.36
4725,-93.83,77.25,41.36
5747,-93.83,77.26,41.36
3084,-93.83,77.25,41.36
2779,-93.83,77.25,41.36
4291,-93.83,77.25,41.36
3904,-93.83,77.25,41.36
3120,-93.83,77.25,41.37
3184,-93.83,77.25,41.37
4324,-93.83,77.25,41.37
4408,-93.83,77.25,41.37
5233,-93.82,77.26,41.38
5108,-93.82,77.26,41.38
3667,-93.82,77.26,41.38
3563,-93.82,77.26,41.38
4650,-93.83,77.26,41.38
5144,-93.82,77.26,41.38
3510,-93.82,77.26,41.38
3157,-93.83,77.26,41.38
7586,-93.82,77.26,41.37
7402,-93.82,77.26,41.37
6585,-93.82,77.26,41.37
6458,-93.82,77.26,41.37
6656,-93.83,77.26,41.37
7400,-93.82,77.26,41.37
5873,-93.83,77.26,41.37
6480,-93.82,77.26,41.37
3527,-93.83,77.25,41.38
4340,-93.83,77.26,41.38
2881,-93.83,77.26,41.38
2341,-93.83,77.25,41.38
4993,-93.83,77.25,41.37
6129,-93.83,77.26,41.37
4444,-93.83,77.25,41.37
5441,-93.83,77.26,41.37
2932,-93.83,77.25,41.38
2048,-93.83,77.25,41.38
1298,-93.83,77.25,41.38
1896,-93.83,77.25,41.38
3005,-93.83,77.25,41.37
4173,-93.83,77.25,41.37
3706,-93.83,77.25,41.37
2656,-93.83,77.25,41.37
615,-93.82,77.26,41.35
538,-93.82,77.26,41.35
1109,-93.82,77.26,41.35
983,-93.82,77.26,41.35
241,-93.82,77.26,41.34
456,-93.82,77.26,41.35
353,-93.83,77.26,41.35
847,-93.82,77.26,41.35
678,-93.83,77.26,41.35
163,-93.83,77.26,41.34
5983,-93.82,77.26,41.36
4533,-93.82,77.26,41.36
5771,-93.82,77.26,41.36
4340,-93.82,77.26,41.36
5662,-93.82,77.26,41.36
4159,-93.82,77.26,41.36
5052,-93.83,77.26,41.36
3648,-93.83,77.26,41.36
1864,-93.82,77.26,41.35
1733,-93.82,77.26,41.35
3046,-93.82,77.26,41.35
2847,-93.82,77.26,41.35
1548,-93.82,77.26,41.35
1283,-93.83,77.26,41.35
2669,-93.82,77.26,41.35
2271,-93.83,77.26,41.35
3731,-93.83,77.25,41.36
2513,-93.83,77.25,41.36
4600,-93.83,77.26,41.36
3177,-93.83,77.26,41.36
1041,-93.83,77.25,41.35
499,-93.83,77.25,41.35
657,-93.83,77.25,41.35
300,-93.83,77.25,41.35
1427,-93.83,77.25,41.35
732,-93.83,77.25,41.35
1016,-93.83,77.26,41.35
1902,-93.83,77.26,41.35
2099,-93.83,77.25,41.36
3043,-93.83,77.25,41.36
1937,-93.83,77.25,41.36
1300,-93.83,77.25,41.36
107,-93.83,77.25,41.35
230,-93.83,77.25,41.35
60,-93.83,77.25,41.35
134,-93.83,77.25,41.35
27,-93.83,77.25,41.34
54,-93.83,77.25,41.35
30,-93.83,77.25,41.35
262,-93.83,77.26,41.35
173,-93.83,77.25,41.35
356,-93.83,77.25,41.35
514,-93.83,77.26,41.35
87,-93.83,77.26,41.34
2649,-93.81,77.28,41.38
2624,-93.81,77.27,41.38
1127,-93.81,77.28,41.39
932,-93.81,77.27,41.39
118,-93.81,77.27,41.4
307,-93.81,77.27,41.39
2545,-93.81,77.27,41.38
1292,-93.82,77.27,41.38
2234,-93.82,77.27,41.38
1220,-93.82,77.26,41.38
2174,-93.82,77.26,41.38
727,-93.81,77.27,41.39
576,-93.82,77.27,41.39
77,-93.81,77.27,41.4
206,-93.81,77.27,41.39
47,-93.82,77.26,41.4
139,-93.82,77.27,41.39
63,-93.81,77.27,41.4
1156,-93.82,77.26,41.38
2198,-93.82,77.26,41.38
1054,-93.82,77.26,41.38
2069,-93.82,77.26,41.38
951,-93.82,77.26,41.38
1984,-93.82,77.26,41.38
798,-93.83,77.26,41.38
1716,-93.83,77.26,41.38
261,-93.82,77.26,41.39
566,-93.82,77.26,41.39
218,-93.82,77.26,41.39
491,-93.82,77.26,41.39
178,-93.82,77.26,41.39
137,-93.83,77.26,41.39
422,-93.82,77.26,41.39
339,-93.83,77.26,41.39
27,-93.82,77.26,41.4
89,-93.82,77.26,41.39
32,-93.82,77.26,41.39
77,-93.82,77.26,41.39
57,-93.83,77.26,41.39
653,-93.83,77.26,41.38
1509,-93.83,77.26,41.38
485,-93.83,77.25,41.38
1165,-93.83,77.25,41.38
100,-93.83,77.26,41.39
68,-93.83,77.25,41.39
262,-93.83,77.26,41.39
186,-93.83,77.25,41.39
25,-93.83,77.25,41.39
74,-93.83,77.25,41.39
43,-93.83,77.25,41.39
124,-93.83,77.25,41.39
573,-93.83,77.25,41.38
210,-93.83,77.25,41.38
343,-93.83,77.25,41.38
895,-93.83,77.25,41.38
40,-93.83,77.26,41.39
27,-93.83,77.25,41.39
2240,-93.83,77.25,41.36
1968,-93.83,77.25,41.36
1372,-93.84,77.25,41.36
1170,-93.84,77.25,41.36
2286,-93.83,77.25,41.37
2330,-93.83,77.25,41.37
1447,-93.84,77.25,41.37
1422,-93.84,77.25,41.37
824,-93.84,77.25,41.36
662,-93.84,77.25,41.36
283,-93.84,77.25,41.36
380,-93.84,77.25,41.36
885,-93.84,77.25,41.37
872,-93.84,77.25,41.37
422,-93.84,77.25,41.37
418,-93.84,77.25,41.37
1455,-93.83,77.25,41.38
844,-93.84,77.25,41.38
475,-93.84,77.25,41.38
865,-93.83,77.25,41.38
2210,-93.83,77.25,41.37
1366,-93.84,77.25,41.37
1936,-93.83,77.25,41.37
1186,-93.84,77.25,41.37
476,-93.84,77.25,41.38
236,-93.84,77.25,41.38
81,-93.84,77.25,41.38
196,-93.84,77.25,41.38
838,-93.84,77.25,41.37
713,-93.84,77.25,41.37
328,-93.84,77.25,41.37
394,-93.84,77.25,41.37
91,-93.84,77.24,41.36
141,-93.84,77.24,41.36
31,-93.84,77.24,41.36
166,-93.84,77.24,41.37
167,-93.84,77.24,41.37
39,-93.84,77.24,41.37
40,-93.84,77.24,41.37
25,-93.84,77.24,41.38
53,-93.84,77.24,41.37
42,-93.84,77.24,41.37
388,-93.83,77.25,41.35
166,-93.83,77.25,41.35
79,-93.84,77.25,41.35
192,-93.84,77.25,41.35
33,-93.84,77.25,41.35
82,-93.84,77.25,41.35
29,-93.84,77.25,41.35
1423,-93.83,77.25,41.36
818,-93.83,77.25,41.36
790,-93.84,77.25,41.36
432,-93.84,77.25,41.36
404,-93.84,77.25,41.36
197,-93.84,77.25,41.36
152,-93.84,77.25,41.36
69,-93.84,77.25,41.36
32,-93.84,77.25,41.35
71,-93.83,77.25,41.35
33,-93.84,77.25,41.35
45,-93.84,77.24,41.36
60,-93.83,77.25,41.38
158,-93.8,77.3,41.32
117,-93.8,77.29,41.32
33,-93.8,77.28,41.31
67,-93.8,77.28,41.32
628,-93.8,77.3,41.33
2295,-93.8,77.3,41.34
233,-93.8,77.29,41.32
1607,-93.81,77.29,41.34
157,-93.81,77.29,41.33
140,-93.8,77.28,41.32
904,-93.81,77.29,41.34
413,-93.81,77.27,41.34
18862,-93.79,77.32,41.36
23903,-93.79,77.32,41.37
18980,-93.79,77.32,41.38
8637,-93.79,77.31,41.38
10416,-93.79,77.31,41.35
22305,-93.79,77.31,41.36
9843,-93.8,77.3,41.35
26417,-93.8,77.3,41.36
3242,-93.8,77.29,41.35
4188,-93.81,77.28,41.35
897,-93.81,77.28,41.34
2004,-93.81,77.28,41.35
3193,-93.8,77.28,41.35
6919,-93.8,77.29,41.36
4036,-93.8,77.28,41.35
5465,-93.8,77.28,41.36
4137,-93.8,77.28,41.35
5889,-93.8,77.28,41.36
30378,-93.79,77.31,41.37
23544,-93.79,77.31,41.38
30080,-93.8,77.3,41.38
39221,-93.8,77.3,41.37
10000,-93.8,77.29,41.37
6703,-93.8,77.28,41.37
6536,-93.8,77.28,41.36
7447,-93.8,77.28,41.37
7199,-93.8,77.28,41.36
7811,-93.8,77.29,41.37
4434,-93.8,77.28,41.38
5916,-93.8,77.28,41.37
4733,-93.8,77.28,41.38
6563,-93.8,77.28,41.37
2965,-93.78,77.3,41.38
2292,-93.79,77.31,41.39
3305,-93.79,77.3,41.38
1762,-93.8,77.3,41.39
309,-93.8,77.3,41.4
63,-93.8,77.3,41.41
3608,-93.8,77.29,41.38
1163,-93.8,77.29,41.39
2729,-93.8,77.28,41.38
2679,-93.8,77.28,41.38
1584,-93.8,77.28,41.39
1338,-93.8,77.28,41.39
460,-93.81,77.29,41.39
172,-93.81,77.27,41.4
427,-93.81,77.28,41.39
151,-93.8,77.29,41.4
47,-93.81,77.28,41.4
90,-93.81,77.27,41.4
26,-93.8,77.29,41.41
202,-93.81,77.27,41.33
127,-93.81,77.27,41.33
175,-93.8,77.27,41.33
328,-93.8,77.27,41.34
122,-93.81,77.27,41.33
233,-93.81,77.27,41.34
162,-93.81,77.27,41.34
110,-93.81,77.26,41.34
79,-93.81,77.27,41.33
48,-93.82,77.26,41.33
82,-93.81,77.27,41.33
52,-93.81,77.26,41.33
32,-93.82,77.26,41.33
72,-93.82,77.26,41.34
44,-93.82,77.26,41.34
590,-93.8,77.27,41.34
1122,-93.8,77.27,41.35
943,-93.81,77.27,41.35
466,-93.81,77.27,41.34
2754,-93.8,77.27,41.36
1929,-93.8,77.27,41.35
2626,-93.81,77.27,41.36
1745,-93.81,77.27,41.35
767,-93.81,77.27,41.35
349,-93.81,77.27,41.34
606,-93.81,77.26,41.35
256,-93.81,77.26,41.34
2431,-93.81,77.27,41.36
1531,-93.81,77.27,41.35
2153,-93.81,77.26,41.36
1293,-93.81,77.26,41.35
3400,-93.8,77.27,41.37
3318,-93.8,77.27,41.36
3335,-93.81,77.27,41.37
3234,-93.81,77.27,41.36
3191,-93.81,77.27,41.37
2946,-93.81,77.26,41.37
3070,-93.81,77.27,41.36
2808,-93.81,77.26,41.36
2172,-93.8,77.27,41.38
2054,-93.81,77.27,41.38
2980,-93.8,77.27,41.37
2905,-93.81,77.27,41.37
1891,-93.81,77.27,41.38
1673,-93.81,77.26,41.38
2761,-93.81,77.27,41.37
2529,-93.81,77.26,41.37
2719,-93.82,77.26,41.37
2259,-93.82,77.26,41.37
2575,-93.82,77.26,41.36
2137,-93.82,77.26,41.36
1605,-93.83,77.25,41.37
1520,-93.83,77.25,41.36
881,-93.83,77.25,41.36
938,-93.83,77.25,41.37
1513,-93.82,77.26,41.38
1245,-93.82,77.26,41.38
2340,-93.82,77.26,41.37
1953,-93.82,77.26,41.37
873,-93.83,77.25,41.38
1391,-93.83,77.25,41.37
490,-93.83,77.25,41.38
811,-93.83,77.25,41.37
456,-93.82,77.26,41.35
179,-93.82,77.26,41.34
312,-93.82,77.26,41.35
114,-93.82,77.26,41.34
1906,-93.82,77.26,41.36
1532,-93.82,77.26,41.36
1043,-93.82,77.26,41.35
779,-93.82,77.26,41.35
1048,-93.83,77.25,41.36
238,-93.83,77.25,41.35
486,-93.83,77.25,41.35
574,-93.83,77.25,41.36
80,-93.83,77.25,41.35
27,-93.83,77.25,41.34
178,-93.83,77.25,41.35
62,-93.83,77.25,41.34
1269,-93.8,77.27,41.38
1120,-93.81,77.27,41.38
634,-93.8,77.27,41.39
498,-93.81,77.27,41.39
132,-93.8,77.27,41.4
295,-93.8,77.27,41.39
87,-93.81,77.27,41.4
207,-93.81,77.27,41.39
960,-93.81,77.27,41.38
793,-93.81,77.26,41.38
382,-93.81,77.27,41.39
290,-93.81,77.26,41.39
56,-93.81,77.27,41.4
142,-93.81,77.27,41.39
34,-93.81,77.26,41.4
97,-93.81,77.26,41.39
71,-93.8,77.27,41.4
41,-93.81,77.27,41.4
35,-93.8,77.27,41.41
658,-93.82,77.26,41.38
498,-93.82,77.26,41.38
215,-93.82,77.26,41.39
146,-93.82,77.26,41.39
64,-93.82,77.26,41.39
39,-93.82,77.26,41.39
318,-93.83,77.25,41.38
84,-93.83,77.25,41.39
39,-93.83,77.25,41.39
160,-93.83,77.25,41.38
393,-93.83,77.25,41.36
431,-93.83,77.25,41.37
120,-93.84,77.24,41.36
140,-93.84,77.24,41.37
207,-93.83,77.25,41.38
370,-93.83,77.25,41.37
61,-93.84,77.24,41.38
121,-93.84,77.24,41.37
27,-93.84,77.24,41.37
85,-93.83,77.25,41.35
231,-93.83,77.25,41.36
61,-93.84,77.24,41.36
27,-93.83,77.25,41.35
52,-93.79,77.28,41.42
39,-93.61,77.99,41.28
46,-93.61,77.94,41.26
47,-93.79,77.35,41.28
311,-93.8,77.31,41.32
10450,-93.79,77.32,41.35
1008,-93.8,77.31,41.33
3403,-93.79,77.31,41.34
85,-93.8,77.31,41.31
44,-93.81,77.3,41.31
59,-93.8,77.29,41.31
197,-93.79,77.3,41.32
60,-93.79,77.28,41.31
120,-93.79,77.28,41.32
31,-93.8,77.28,41.31
64,-93.8,77.28,41.32
416,-93.79,77.3,41.33
919,-93.79,77.3,41.33
3226,-93.8,77.3,41.34
279,-93.79,77.28,41.33
705,-93.79,77.28,41.34
158,-93.8,77.28,41.33
470,-93.8,77.28,41.34
15954,-93.78,77.32,41.36
10342,-93.78,77.32,41.35
15604,-93.78,77.32,41.38
19090,-93.78,77.32,41.37
3848,-93.77,77.31,41.36
4546,-93.77,77.31,41.37
3785,-93.77,77.31,41.37
7909,-93.78,77.32,41.38
2608,-93.77,77.31,41.38
3200,-93.78,77.32,41.39
2682,-93.79,77.31,41.39
106,-93.79,77.3,41.41
515,-93.79,77.31,41.4
2829,-93.78,77.3,41.35
4609,-93.78,77.3,41.36
3215,-93.79,77.3,41.35
5535,-93.79,77.3,41.36
1807,-93.79,77.28,41.35
1503,-93.8,77.28,41.35
3506,-93.79,77.28,41.36
2236,-93.8,77.28,41.35
2923,-93.8,77.28,41.36
2095,-93.8,77.27,41.35
2825,-93.8,77.27,41.36
5723,-93.78,77.3,41.37
4657,-93.78,77.3,41.37
5874,-93.79,77.3,41.37
7391,-93.79,77.3,41.37
4531,-93.79,77.28,41.37
3414,-93.8,77.28,41.37
3367,-93.8,77.28,41.36
3394,-93.8,77.27,41.37
3335,-93.8,77.27,41.36
3679,-93.79,77.28,41.38
2352,-93.8,77.28,41.38
3049,-93.8,77.28,41.37
2256,-93.8,77.27,41.38
2997,-93.8,77.27,41.37
1884,-93.78,77.3,41.38
936,-93.78,77.3,41.39
1956,-93.78,77.29,41.38
824,-93.78,77.29,41.39
324,-93.78,77.29,41.4
142,-93.78,77.29,41.41
1912,-93.79,77.28,41.38
649,-93.79,77.28,41.39
954,-93.8,77.28,41.39
1584,-93.8,77.28,41.38
789,-93.8,77.27,41.39
1410,-93.8,77.27,41.38
411,-93.8,77.28,41.39
219,-93.79,77.28,41.4
121,-93.8,77.28,41.4
91,-93.79,77.28,41.41
48,-93.8,77.28,41.41
28,-93.81,77.27,41.32
66,-93.81,77.27,41.33
150,-93.8,77.27,41.33
243,-93.8,77.27,41.34
104,-93.8,77.26,41.33
176,-93.8,77.26,41.34
125,-93.81,77.26,41.34
86,-93.81,77.26,41.34
72,-93.81,77.26,41.33
47,-93.81,77.26,41.33
26,-93.81,77.26,41.33
30,-93.82,77.26,41.33
56,-93.82,77.26,41.34
35,-93.82,77.25,41.34
403,-93.8,77.27,41.34
640,-93.8,77.27,41.35
517,-93.8,77.26,41.35
304,-93.8,77.26,41.34
1266,-93.8,77.27,41.36
964,-93.8,77.27,41.35
1123,-93.8,77.26,41.36
816,-93.8,77.26,41.35
407,-93.81,77.26,41.35
227,-93.81,77.26,41.34
310,-93.81,77.26,41.35
164,-93.81,77.26,41.34
969,-93.81,77.26,41.36
678,-93.81,77.26,41.35
809,-93.81,77.26,41.36
543,-93.81,77.26,41.35
1492,-93.8,77.27,41.37
1476,-93.8,77.27,41.36
1349,-93.8,77.26,41.37
1328,-93.8,77.26,41.36
1192,-93.81,77.26,41.37
1024,-93.81,77.26,41.37
1168,-93.81,77.26,41.36
998,-93.81,77.26,41.36
999,-93.8,77.27,41.38
867,-93.8,77.26,41.38
1310,-93.8,77.27,41.37
1177,-93.8,77.26,41.37
738,-93.81,77.26,41.38
612,-93.81,77.26,41.38
1031,-93.81,77.26,41.37
879,-93.81,77.26,41.37
853,-93.82,77.26,41.37
648,-93.82,77.25,41.37
827,-93.82,77.26,41.36
626,-93.82,77.25,41.36
431,-93.82,77.25,41.37
415,-93.82,77.25,41.36
231,-93.83,77.25,41.36
241,-93.83,77.25,41.37
496,-93.82,77.26,41.38
369,-93.82,77.25,41.38
730,-93.82,77.26,41.37
553,-93.82,77.25,41.37
240,-93.82,77.25,41.38
367,-93.82,77.25,41.37
130,-93.83,77.25,41.38
205,-93.83,77.25,41.37
225,-93.82,77.26,41.35
113,-93.82,77.26,41.34
150,-93.82,77.25,41.35
72,-93.82,77.25,41.34
653,-93.82,77.26,41.36
482,-93.82,77.25,41.36
416,-93.82,77.26,41.35
293,-93.82,77.25,41.35
311,-93.82,77.25,41.36
91,-93.83,77.25,41.35
180,-93.82,77.25,41.35
167,-93.83,77.25,41.36
43,-93.83,77.25,41.35
87,-93.82,77.25,41.35
41,-93.82,77.25,41.34
640,-93.8,77.27,41.38
530,-93.8,77.26,41.38
371,-93.8,77.27,41.39
282,-93.8,77.26,41.39
107,-93.8,77.27,41.4
199,-93.8,77.27,41.39
70,-93.8,77.26,41.4
141,-93.8,77.26,41.39
427,-93.81,77.26,41.38
336,-93.81,77.26,41.38
211,-93.81,77.26,41.39
155,-93.81,77.26,41.39
46,-93.81,77.26,41.4
98,-93.81,77.26,41.39
29,-93.81,77.26,41.4
66,-93.81,77.26,41.39
59,-93.8,77.27,41.4
36,-93.8,77.26,41.4
34,-93.8,77.27,41.41
257,-93.82,77.26,41.38
180,-93.82,77.25,41.38
110,-93.82,77.26,41.39
72,-93.82,77.25,41.39
43,-93.82,77.26,41.39
27,-93.82,77.25,41.39
111,-93.82,77.25,41.38
42,-93.82,77.25,41.39
56,-93.83,77.25,41.38
103,-93.83,77.24,41.36
110,-93.83,77.24,41.37
34,-93.83,77.24,41.36
38,-93.83,77.24,41.37
56,-93.83,77.24,41.38
92,-93.83,77.24,41.37
31,-93.83,77.24,41.37
37,-93.83,77.24,41.35
71,-93.83,77.24,41.36
75,-93.78,77.29,41.42
38,-93.79,77.3,41.42
33,-93.78,77.28,41.42
35,-93.78,77.36,41.26
168,-93.6,77.93,41.32
146,-93.59,77.98,41.33
75,-93.51,77.99,41.25
28,-93.55,77.94,41.17
70,-93.52,77.94,41.23
103,-93.61,77.87,41.28
25,-93.57,77.89,41.15
82,-93.62,77.84,41.25
45,-93.52,78.04,41.23
395,-93.58,77.98,41.39
106,-93.78,77.36,41.28
1247,-93.77,77.35,41.32
3836,-93.77,77.35,41.34
8193,-93.76,77.35,41.35
9310,-93.76,77.35,41.37
1236,-93.76,77.35,41.41
4529,-93.76,77.35,41.39
290,-93.76,77.34,41.43
210,-93.78,77.34,41.3
70,-93.76,77.33,41.27
62,-93.79,77.34,41.28
88,-93.79,77.33,41.3
900,-93.78,77.34,41.32
512,-93.79,77.32,41.32
292,-93.78,77.3,41.32
3728,-93.78,77.33,41.33
2537,-93.77,77.31,41.35
3085,-93.79,77.32,41.33
585,-93.78,77.3,41.33
1192,-93.78,77.3,41.34
156,-93.78,77.3,41.31
99,-93.79,77.3,41.31
34,-93.8,77.29,41.3
34,-93.79,77.28,41.3
149,-93.78,77.3,41.31
271,-93.78,77.3,41.32
100,-93.78,77.29,41.31
192,-93.78,77.29,41.32
54,-93.79,77.28,41.31
98,-93.79,77.28,41.32
30,-93.79,77.27,41.31
56,-93.79,77.27,41.32
507,-93.78,77.3,41.33
1007,-93.78,77.3,41.34
405,-93.78,77.29,41.33
920,-93.79,77.29,41.34
192,-93.79,77.28,41.33
388,-93.79,77.28,41.34
116,-93.79,77.27,41.33
263,-93.79,77.27,41.34
10780,-93.78,77.33,41.35
3235,-93.77,77.31,41.36
2337,-93.77,77.31,41.35
13052,-93.77,77.33,41.37
3152,-93.77,77.31,41.37
3676,-93.77,77.31,41.36
1609,-93.76,77.31,41.35
2116,-93.76,77.31,41.36
1775,-93.77,77.3,41.35
2460,-93.77,77.3,41.36
2085,-93.76,77.31,41.37
2320,-93.76,77.31,41.36
2770,-93.77,77.3,41.37
2430,-93.77,77.3,41.37
955,-93.77,77.33,41.41
5103,-93.77,77.33,41.39
2289,-93.77,77.31,41.38
1594,-93.76,77.31,41.38
1754,-93.77,77.3,41.38
543,-93.78,77.32,41.41
1013,-93.76,77.31,41.39
1000,-93.77,77.3,41.39
202,-93.78,77.3,41.41
425,-93.78,77.3,41.4
1891,-93.78,77.3,41.35
2814,-93.78,77.3,41.36
1941,-93.78,77.29,41.35
3171,-93.78,77.29,41.36
765,-93.79,77.28,41.35
576,-93.79,77.27,41.35
1242,-93.79,77.28,41.36
1015,-93.79,77.27,41.36
3279,-93.78,77.3,41.37
2812,-93.78,77.3,41.37
3239,-93.78,77.29,41.37
3873,-93.78,77.29,41.37
1485,-93.79,77.28,41.37
1260,-93.79,77.27,41.37
1244,-93.79,77.28,41.38
1019,-93.79,77.27,41.38
947,-93.77,77.29,41.38
549,-93.77,77.29,41.39
873,-93.78,77.28,41.38
453,-93.78,77.28,41.39
221,-93.78,77.28,41.4
110,-93.78,77.28,41.41
736,-93.79,77.28,41.38
334,-93.79,77.28,41.39
536,-93.79,77.27,41.38
213,-93.79,77.27,41.39
145,-93.79,77.28,41.4
81,-93.79,77.27,41.4
66,-93.79,77.28,41.41
34,-93.79,77.27,41.41
28,-93.8,77.26,41.32
57,-93.8,77.26,41.33
116,-93.8,77.26,41.33
176,-93.8,77.26,41.34
84,-93.8,77.26,41.33
129,-93.8,77.26,41.34
59,-93.8,77.26,41.33
93,-93.8,77.26,41.34
40,-93.81,77.25,41.33
64,-93.81,77.25,41.34
27,-93.81,77.26,41.33
26,-93.81,77.25,41.33
43,-93.81,77.25,41.34
27,-93.82,77.25,41.34
256,-93.8,77.26,41.34
378,-93.8,77.26,41.35
298,-93.8,77.26,41.35
198,-93.8,77.26,41.34
649,-93.8,77.26,41.36
516,-93.8,77.26,41.35
539,-93.8,77.26,41.36
422,-93.8,77.26,41.35
231,-93.8,77.26,41.35
148,-93.8,77.26,41.34
171,-93.81,77.25,41.35
105,-93.81,77.25,41.34
448,-93.8,77.26,41.36
340,-93.8,77.26,41.35
350,-93.81,77.25,41.36
260,-93.81,77.25,41.35
728,-93.8,77.26,41.37
728,-93.8,77.26,41.36
616,-93.8,77.26,41.37
615,-93.8,77.26,41.36
522,-93.8,77.26,41.37
415,-93.81,77.25,41.37
520,-93.8,77.26,41.36
413,-93.81,77.25,41.36
507,-93.8,77.26,41.38
418,-93.8,77.26,41.38
650,-93.8,77.26,41.37
543,-93.8,77.26,41.37
341,-93.8,77.26,41.38
265,-93.81,77.25,41.38
456,-93.8,77.26,41.37
360,-93.81,77.25,41.37
330,-93.81,77.25,41.37
232,-93.82,77.25,41.37
326,-93.81,77.25,41.36
229,-93.82,77.25,41.36
152,-93.82,77.25,41.37
149,-93.82,77.25,41.36
82,-93.82,77.24,41.36
84,-93.82,77.24,41.37
204,-93.81,77.25,41.38
141,-93.82,77.25,41.38
285,-93.81,77.25,41.37
199,-93.82,77.25,41.37
90,-93.82,77.25,41.38
130,-93.82,77.25,41.37
49,-93.82,77.24,41.38
71,-93.82,77.24,41.37
123,-93.81,77.25,41.35
73,-93.81,77.25,41.34
80,-93.82,77.25,41.35
46,-93.82,77.25,41.34
272,-93.81,77.25,41.36
188,-93.82,77.25,41.36
194,-93.81,77.25,41.35
132,-93.82,77.25,41.35
120,-93.82,77.25,41.36
43,-93.82,77.24,41.35
81,-93.82,77.25,41.35
65,-93.82,77.24,41.36
25,-93.82,77.24,41.35
48,-93.82,77.25,41.35
28,-93.82,77.25,41.34
358,-93.8,77.26,41.38
280,-93.8,77.26,41.38
224,-93.8,77.26,41.39
170,-93.8,77.26,41.39
80,-93.8,77.26,41.4
138,-93.8,77.26,41.39
55,-93.8,77.26,41.4
98,-93.8,77.26,41.39
220,-93.8,77.26,41.38
164,-93.81,77.25,41.38
127,-93.8,77.26,41.39
90,-93.81,77.25,41.39
37,-93.8,77.26,41.4
69,-93.8,77.26,41.39
47,-93.81,77.25,41.39
30,-93.8,77.26,41.41
49,-93.8,77.26,41.4
32,-93.8,77.26,41.4
121,-93.81,77.25,41.38
81,-93.82,77.25,41.38
63,-93.81,77.25,41.39
40,-93.82,77.25,41.39
31,-93.81,77.25,41.39
50,-93.82,77.25,41.38
26,-93.82,77.24,41.38
39,-93.83,77.24,41.36
40,-93.83,77.24,41.37
34,-93.83,77.24,41.37
30,-93.83,77.24,41.36
173,-93.77,77.33,41.43
59,-93.78,77.28,41.42
116,-93.77,77.29,41.42
104,-93.78,77.32,41.43
46,-93.77,77.28,41.42
32,-93.78,77.28,41.43
27,-93.77,77.28,41.43
27,-93.78,77.27,41.42
65,-93.77,77.38,41.27
57,-93.75,77.35,41.25
41,-93.76,77.33,41.25
41,-93.76,77.32,41.25
542,-93.58,77.93,41.46
515,-93.58,77.92,41.41
516,-93.58,77.89,41.38
153,-93.5,77.93,41.3
281,-93.59,77.89,41.33
131,-93.58,78.03,41.35
147,-93.49,77.98,41.31
47,-93.46,78.04,41.2
29,-93.74,77.48,41.21
47,-93.74,77.44,41.22
67,-93.43,77.99,41.22
30,-93.49,77.94,41.13
66,-93.46,77.93,41.2
107,-93.51,77.87,41.25
219,-93.6,77.82,41.3
25,-93.52,77.89,41.12
43,-93.55,77.83,41.17
60,-93.63,77.78,41.23
84,-93.52,77.83,41.22
183,-93.61,77.78,41.27
34,-93.43,77.99,41.14
25,-93.52,78.15,41.24
49,-93.51,78.09,41.26
230,-93.47,77.98,41.38
26,-93.59,78.15,41.33
62,-93.59,78.09,41.34
320,-93.58,78.03,41.4
507,-93.58,77.98,41.45
33,-93.62,78.28,41.37
73,-93.65,78.41,41.49
426,-93.57,77.94,41.52
791,-93.71,77.45,41.3
1732,-93.7,77.45,41.33
1630,-93.7,77.44,41.4
171,-93.76,77.37,41.28
523,-93.76,77.37,41.3
96,-93.75,77.34,41.27
356,-93.77,77.35,41.3
3614,-93.75,77.36,41.34
1515,-93.76,77.37,41.32
452,-93.74,77.33,41.31
878,-93.74,77.33,41.33
6862,-93.75,77.36,41.37
6422,-93.75,77.36,41.35
1432,-93.75,77.36,41.41
3827,-93.75,77.36,41.39
1434,-93.74,77.33,41.35
1564,-93.74,77.33,41.37
490,-93.74,77.33,41.41
1009,-93.74,77.33,41.39
634,-93.7,77.44,41.44
280,-93.7,77.45,41.47
169,-93.75,77.36,41.44
414,-93.75,77.36,41.43
75,-93.76,77.34,41.45
257,-93.73,77.33,41.42
172,-93.75,77.32,41.29
80,-93.76,77.32,41.27
49,-93.77,77.31,41.27
114,-93.77,77.31,41.29
399,-93.75,77.32,41.31
310,-93.77,77.31,41.31
920,-93.75,77.32,41.33
883,-93.77,77.31,41.33
56,-93.78,77.3,41.29
33,-93.79,77.28,41.3
126,-93.77,77.29,41.31
209,-93.77,77.29,41.32
86,-93.78,77.28,41.31
151,-93.78,77.28,41.32
46,-93.78,77.27,41.31
74,-93.78,77.27,41.32
27,-93.79,77.26,41.31
45,-93.79,77.26,41.32
361,-93.77,77.29,41.33
609,-93.77,77.29,41.34
278,-93.78,77.28,41.33
514,-93.78,77.28,41.34
126,-93.78,77.27,41.33
214,-93.78,77.27,41.34
78,-93.79,77.26,41.33
141,-93.79,77.26,41.34
1809,-93.75,77.32,41.35
2074,-93.75,77.32,41.37
1001,-93.76,77.3,41.35
1230,-93.76,77.3,41.36
1015,-93.76,77.3,41.35
1311,-93.76,77.3,41.36
1213,-93.76,77.3,41.37
1322,-93.76,77.3,41.36
1432,-93.76,77.3,41.37
1289,-93.76,77.3,41.37
470,-93.75,77.32,41.41
1194,-93.75,77.32,41.39
948,-93.76,77.3,41.38
967,-93.76,77.3,41.38
408,-93.76,77.31,41.41
661,-93.76,77.3,41.39
619,-93.76,77.3,41.39
161,-93.77,77.29,41.41
295,-93.77,77.29,41.4
989,-93.77,77.29,41.35
1357,-93.77,77.29,41.36
907,-93.78,77.28,41.35
1341,-93.78,77.28,41.36
347,-93.78,77.27,41.35
242,-93.79,77.26,41.35
486,-93.78,77.27,41.36
359,-93.79,77.26,41.36
1519,-93.77,77.29,41.37
1340,-93.77,77.29,41.37
1334,-93.78,77.28,41.37
1548,-93.78,77.28,41.37
547,-93.78,77.27,41.37
412,-93.79,77.26,41.37
472,-93.78,77.27,41.38
345,-93.79,77.26,41.38
487,-93.76,77.28,41.38
320,-93.76,77.28,41.39
411,-93.77,77.28,41.38
250,-93.77,77.28,41.39
115,-93.76,77.28,41.41
195,-93.76,77.28,41.4
142,-93.77,77.28,41.4
79,-93.77,77.28,41.41
315,-93.78,77.27,41.38
176,-93.78,77.27,41.39
214,-93.79,77.26,41.38
109,-93.79,77.26,41.39
92,-93.78,77.27,41.4
53,-93.79,77.26,41.4
49,-93.78,77.27,41.41
26,-93.79,77.26,41.41
25,-93.79,77.26,41.32
43,-93.79,77.26,41.33
81,-93.79,77.26,41.34
42,-93.8,77.25,41.34
145,-93.79,77.26,41.35
226,-93.79,77.26,41.36
81,-93.8,77.25,41.35
135,-93.8,77.25,41.36
264,-93.79,77.26,41.37
162,-93.8,77.25,41.37
215,-93.79,77.26,41.38
129,-93.8,77.25,41.38
88,-93.81,77.24,41.37
36,-93.82,77.24,41.37
68,-93.81,77.24,41.38
27,-93.82,77.24,41.38
39,-93.81,77.24,41.35
71,-93.81,77.24,41.36
28,-93.82,77.24,41.36
124,-93.79,77.26,41.38
58,-93.79,77.26,41.39
68,-93.8,77.25,41.39
29,-93.8,77.25,41.39
26,-93.79,77.26,41.4
33,-93.81,77.24,41.39
37,-93.77,77.33,41.45
217,-93.75,77.32,41.43
174,-93.76,77.31,41.42
36,-93.78,77.31,41.44
54,-93.77,77.29,41.43
91,-93.77,77.29,41.42
44,-93.76,77.28,41.43
71,-93.76,77.28,41.42
36,-93.77,77.27,41.42
25,-93.76,77.4,41.22
33,-93.75,77.35,41.23
106,-93.75,77.4,41.26
46,-93.73,77.36,41.23
77,-93.73,77.36,41.25
46,-93.72,77.35,41.23
78,-93.72,77.35,41.25
34,-93.74,77.33,41.23
60,-93.74,77.33,41.25
37,-93.74,77.31,41.25
1594,-93.69,77.48,41.34
1902,-93.68,77.47,41.37
1528,-93.69,77.48,41.4
736,-93.69,77.48,41.44
261,-93.69,77.48,41.48
246,-93.45,77.93,41.46
574,-93.57,77.87,41.47
255,-93.47,77.92,41.39
372,-93.57,77.83,41.52
605,-93.57,77.83,41.46
122,-93.44,77.93,41.28
246,-93.47,77.89,41.37
658,-93.58,77.83,41.39
184,-93.49,77.89,41.31
437,-93.59,77.82,41.34
421,-93.59,77.78,41.32
157,-93.39,77.98,41.37
25,-93.49,78.46,41.33
142,-93.47,78.04,41.33
115,-93.41,77.98,41.29
33,-93.46,78.16,41.21
50,-93.42,78.1,41.22
26,-93.42,78.1,41.14
62,-93.37,78.04,41.22
47,-93.64,77.74,41.21
34,-93.57,77.78,41.14
155,-93.63,77.73,41.25
42,-93.66,77.69,41.2
52,-93.69,77.6,41.21
37,-93.73,77.54,41.2
866,-93.7,77.49,41.3
186,-93.73,77.43,41.26
266,-93.72,77.46,41.26
59,-93.74,77.43,41.23
30,-93.69,77.46,41.18
89,-93.73,77.47,41.24
37,-93.7,77.43,41.2
62,-93.32,77.98,41.22
72,-93.38,77.93,41.22
40,-93.38,77.93,41.14
41,-93.44,77.88,41.14
80,-93.43,77.88,41.21
146,-93.49,77.82,41.27
38,-93.49,77.83,41.13
70,-93.54,77.77,41.19
71,-93.46,77.83,41.19
125,-93.51,77.77,41.24
327,-93.6,77.74,41.29
35,-93.37,78.04,41.14
38,-93.32,77.98,41.14
62,-93.49,78.16,41.29
102,-93.48,78.09,41.31
208,-93.46,78.03,41.38
252,-93.46,77.98,41.45
53,-93.52,78.3,41.35
79,-93.54,78.45,41.47
189,-93.44,77.93,41.52
57,-93.67,78.46,41.53
418,-93.57,78.03,41.54
99,-93.59,78.17,41.39
200,-93.58,78.09,41.4
468,-93.58,78.03,41.47
182,-93.61,78.3,41.51
393,-93.57,77.97,41.55
357,-93.57,77.87,41.54
425,-93.66,77.44,41.28
621,-93.65,77.43,41.32
675,-93.72,77.42,41.29
1962,-93.72,77.42,41.33
2260,-93.69,77.44,41.37
573,-93.65,77.43,41.4
3178,-93.71,77.41,41.36
1843,-93.71,77.41,41.4
539,-93.75,77.39,41.29
138,-93.73,77.36,41.27
139,-93.73,77.35,41.27
257,-93.73,77.35,41.29
113,-93.74,77.34,41.27
220,-93.74,77.34,41.29
2345,-93.74,77.39,41.33
804,-93.72,77.35,41.33
470,-93.72,77.35,41.31
301,-93.73,77.32,41.31
509,-93.73,77.32,41.33
4704,-93.74,77.38,41.36
1215,-93.72,77.35,41.37
1152,-93.72,77.35,41.35
2222,-93.74,77.38,41.4
491,-93.72,77.34,41.41
865,-93.72,77.34,41.39
732,-93.73,77.32,41.35
781,-93.73,77.32,41.37
346,-93.73,77.32,41.41
585,-93.73,77.32,41.39
362,-93.65,77.43,41.44
181,-93.65,77.43,41.47
150,-93.7,77.43,41.48
532,-93.71,77.41,41.44
52,-93.7,77.44,41.51
31,-93.71,77.4,41.51
94,-93.75,77.35,41.45
160,-93.71,77.34,41.44
271,-93.72,77.34,41.43
423,-93.73,77.38,41.44
43,-93.75,77.35,41.47
51,-93.72,77.32,41.47
98,-93.73,77.32,41.45
189,-93.73,77.32,41.43
133,-93.74,77.31,41.29
68,-93.74,77.31,41.27
44,-93.76,77.29,41.27
91,-93.76,77.29,41.29
266,-93.74,77.31,41.31
208,-93.76,77.29,41.31
509,-93.74,77.31,41.33
468,-93.76,77.29,41.33
49,-93.77,77.28,41.29
30,-93.78,77.27,41.3
99,-93.76,77.28,41.31
154,-93.76,77.28,41.32
70,-93.77,77.28,41.31
112,-93.77,77.28,41.32
38,-93.77,77.26,41.31
56,-93.77,77.26,41.32
35,-93.78,77.26,41.32
236,-93.76,77.28,41.33
365,-93.76,77.28,41.34
181,-93.77,77.28,41.33
292,-93.77,77.28,41.34
84,-93.77,77.26,41.33
123,-93.77,77.26,41.34
53,-93.78,77.26,41.33
81,-93.78,77.26,41.34
826,-93.74,77.31,41.35
906,-93.74,77.31,41.37
602,-93.75,77.29,41.35
714,-93.75,77.29,41.36
576,-93.76,77.29,41.35
700,-93.76,77.29,41.36
697,-93.75,77.29,41.37
753,-93.75,77.29,41.36
747,-93.76,77.29,41.36
683,-93.76,77.29,41.37
320,-93.74,77.31,41.41
632,-93.74,77.31,41.39
422,-93.75,77.29,41.39
572,-93.75,77.29,41.38
380,-93.76,77.29,41.39
539,-93.76,77.29,41.38
260,-93.76,77.3,41.41
527,-93.76,77.28,41.35
670,-93.76,77.28,41.36
445,-93.77,77.28,41.35
590,-93.77,77.28,41.36
175,-93.77,77.26,41.35
118,-93.78,77.26,41.35
218,-93.77,77.26,41.36
153,-93.78,77.26,41.36
726,-93.76,77.28,41.37
653,-93.76,77.28,41.37
576,-93.77,77.28,41.37
651,-93.77,77.28,41.37
234,-93.77,77.26,41.37
166,-93.78,77.26,41.37
209,-93.77,77.26,41.37
144,-93.78,77.26,41.38
258,-93.76,77.27,41.38
188,-93.76,77.27,41.39
209,-93.77,77.27,41.38
143,-93.77,77.27,41.39
83,-93.76,77.27,41.41
126,-93.76,77.27,41.4
92,-93.77,77.27,41.4
57,-93.77,77.27,41.41
154,-93.77,77.26,41.38
100,-93.77,77.26,41.39
101,-93.78,77.26,41.38
62,-93.78,77.26,41.39
61,-93.77,77.26,41.4
36,-93.78,77.26,41.4
36,-93.77,77.26,41.41
31,-93.79,77.25,41.33
48,-93.79,77.25,41.34
27,-93.8,77.24,41.34
72,-93.79,77.25,41.35
96,-93.79,77.25,41.36
40,-93.8,77.24,41.35
55,-93.8,77.24,41.36
104,-93.79,77.25,41.37
61,-93.8,77.24,41.37
89,-93.79,77.25,41.38
51,-93.8,77.24,41.38
32,-93.8,77.24,41.37
26,-93.8,77.24,41.38
29,-93.8,77.24,41.36
60,-93.79,77.25,41.38
35,-93.79,77.25,41.39
33,-93.8,77.24,41.39
35,-93.74,77.31,41.47
71,-93.74,77.31,41.45
154,-93.74,77.31,41.43
44,-93.75,77.29,41.45
36,-93.76,77.27,41.43
107,-93.76,77.3,41.43
54,-93.76,77.27,41.42
29,-93.75,77.27,41.43
42,-93.75,77.27,41.42
29,-93.76,77.26,41.42
33,-93.71,77.37,41.2
84,-93.71,77.37,41.24
42,-93.71,77.33,41.23
68,-93.71,77.33,41.25
31,-93.73,77.32,41.23
53,-93.73,77.32,41.25
31,-93.73,77.29,41.25
172,-93.38,77.98,41.43
75,-93.47,78.46,41.45
255,-93.67,77.59,41.26
900,-93.69,77.52,41.31
1452,-93.68,77.51,41.34
1431,-93.68,77.51,41.4
1696,-93.68,77.51,41.37
686,-93.63,77.46,41.32
915,-93.63,77.46,41.36
648,-93.63,77.46,41.4
781,-93.68,77.51,41.44
308,-93.68,77.51,41.48
377,-93.63,77.45,41.44
101,-93.68,77.51,41.51
182,-93.63,77.45,41.48
75,-93.69,77.47,41.51
120,-93.35,77.93,41.51
148,-93.36,77.93,41.45
217,-93.44,77.87,41.47
113,-93.38,77.93,41.29
148,-93.37,77.93,41.37
286,-93.57,77.79,41.53
142,-93.43,77.82,41.52
604,-93.57,77.78,41.46
217,-93.44,77.83,41.45
129,-93.41,77.89,41.29
165,-93.4,77.88,41.35
245,-93.46,77.82,41.38
736,-93.58,77.78,41.4
202,-93.47,77.81,41.31
588,-93.59,77.74,41.34
181,-93.47,77.77,41.29
28,-93.43,78.54,41.33
136,-93.36,78.04,41.37
56,-93.43,78.33,41.33
64,-93.43,78.16,41.27
90,-93.41,78.1,41.29
100,-93.37,78.04,41.3
34,-93.36,78.2,41.18
55,-93.31,78.09,41.22
91,-93.32,77.98,41.3
115,-93.32,77.98,41.37
53,-93.26,78.03,41.22
122,-93.32,77.98,41.45
31,-93.52,77.77,41.11
56,-93.56,77.73,41.17
281,-93.62,77.7,41.28
110,-93.53,77.71,41.21
77,-93.66,77.66,41.22
48,-93.59,77.67,41.15
29,-93.58,77.73,41.12
29,-93.6,77.67,41.12
28,-93.63,77.6,41.12
50,-93.62,77.57,41.16
378,-93.68,77.57,41.28
251,-93.71,77.52,41.26
36,-93.66,77.51,41.16
428,-93.64,77.46,41.29
175,-93.67,77.45,41.25
105,-93.68,77.4,41.24
46,-93.68,77.4,41.2
27,-93.67,77.44,41.16
69,-93.68,77.45,41.21
39,-93.69,77.42,41.19
54,-93.27,77.92,41.22
65,-93.33,77.87,41.22
40,-93.33,77.87,41.14
43,-93.39,77.82,41.14
77,-93.39,77.82,41.22
45,-93.45,77.77,41.14
83,-93.44,77.77,41.21
155,-93.49,77.72,41.26
34,-93.31,78.09,41.14
35,-93.26,78.03,41.14
36,-93.27,77.92,41.14
76,-93.55,78.5,41.52
204,-93.44,78.03,41.53
114,-93.48,78.18,41.37
170,-93.46,78.1,41.38
243,-93.45,78.03,41.46
146,-93.49,78.33,41.5
180,-93.43,77.97,41.55
150,-93.42,77.87,41.54
157,-93.66,78.45,41.66
403,-93.57,78.08,41.55
295,-93.57,78.03,41.6
249,-93.6,78.29,41.63
343,-93.58,78.16,41.51
220,-93.57,77.97,41.61
152,-93.56,77.88,41.61
255,-93.64,77.42,41.28
429,-93.64,77.42,41.32
238,-93.67,77.39,41.28
470,-93.67,77.39,41.32
515,-93.64,77.41,41.36
441,-93.64,77.41,41.4
657,-93.67,77.39,41.36
485,-93.67,77.39,41.4
223,-93.7,77.37,41.28
114,-93.71,77.33,41.27
190,-93.71,77.33,41.29
93,-93.73,77.32,41.27
167,-93.73,77.32,41.29
568,-93.7,77.37,41.32
481,-93.71,77.33,41.33
317,-93.71,77.33,41.31
199,-93.7,77.32,41.31
182,-93.71,77.3,41.31
279,-93.7,77.32,41.33
272,-93.71,77.3,41.33
938,-93.7,77.36,41.36
670,-93.71,77.33,41.37
642,-93.71,77.33,41.35
601,-93.7,77.36,41.4
352,-93.71,77.33,41.41
530,-93.71,77.33,41.39
344,-93.7,77.32,41.35
354,-93.7,77.32,41.37
353,-93.71,77.3,41.35
367,-93.71,77.3,41.37
215,-93.7,77.32,41.41
298,-93.7,77.32,41.39
199,-93.71,77.31,41.41
297,-93.71,77.3,41.39
281,-93.64,77.41,41.43
161,-93.63,77.42,41.47
108,-93.65,77.41,41.48
272,-93.67,77.39,41.43
131,-93.71,77.4,41.48
54,-93.65,77.41,41.52
36,-93.66,77.38,41.52
28,-93.72,77.32,41.49
264,-93.7,77.36,41.43
122,-93.71,77.33,41.45
211,-93.71,77.33,41.43
72,-93.73,77.37,41.48
39,-93.71,77.33,41.49
68,-93.71,77.33,41.47
34,-93.7,77.32,41.49
54,-93.7,77.32,41.47
41,-93.71,77.31,41.47
87,-93.7,77.32,41.45
142,-93.7,77.32,41.43
70,-93.71,77.31,41.45
121,-93.71,77.31,41.43
89,-93.73,77.29,41.29
51,-93.73,77.29,41.27
34,-93.74,77.28,41.27
61,-93.74,77.28,41.29
153,-93.73,77.29,41.31
113,-93.74,77.28,41.31
247,-93.73,77.29,41.33
199,-93.74,77.28,41.33
36,-93.76,77.27,41.29
70,-93.76,77.27,41.31
30,-93.77,77.25,41.31
42,-93.77,77.25,41.32
27,-93.77,77.25,41.32
134,-93.76,77.27,41.33
56,-93.77,77.25,41.33
76,-93.77,77.25,41.34
37,-93.77,77.25,41.33
51,-93.77,77.25,41.34
342,-93.73,77.29,41.35
361,-93.73,77.29,41.37
291,-93.74,77.28,41.35
311,-93.74,77.28,41.37
170,-93.73,77.29,41.41
278,-93.73,77.29,41.39
228,-93.74,77.28,41.39
128,-93.74,77.28,41.41
218,-93.76,77.27,41.35
96,-93.77,77.25,41.35
66,-93.77,77.25,41.35
113,-93.77,77.25,41.36
78,-93.77,77.25,41.36
238,-93.76,77.27,41.37
117,-93.77,77.25,41.37
81,-93.77,77.25,41.37
106,-93.77,77.25,41.37
73,-93.77,77.25,41.38
150,-93.75,77.27,41.38
116,-93.75,77.27,41.39
116,-93.76,77.26,41.38
88,-93.76,77.26,41.39
59,-93.75,77.27,41.41
85,-93.75,77.27,41.4
62,-93.76,77.26,41.4
42,-93.76,77.26,41.41
85,-93.77,77.25,41.38
61,-93.77,77.25,41.39
56,-93.77,77.25,41.38
39,-93.77,77.25,41.39
42,-93.77,77.25,41.4
26,-93.77,77.25,41.4
28,-93.77,77.25,41.41
32,-93.78,77.24,41.34
41,-93.78,77.24,41.35
50,-93.78,77.24,41.36
29,-93.79,77.24,41.36
52,-93.78,77.24,41.37
30,-93.79,77.24,41.37
46,-93.78,77.24,41.38
26,-93.79,77.24,41.38
34,-93.78,77.24,41.38
28,-93.73,77.29,41.47
50,-93.73,77.29,41.45
94,-93.73,77.29,41.43
31,-93.74,77.28,41.45
64,-93.74,77.28,41.43
40,-93.65,77.37,41.2
81,-93.65,77.37,41.24
29,-93.68,77.34,41.2
66,-93.68,77.34,41.24
36,-93.7,77.32,41.23
55,-93.7,77.32,41.25
27,-93.71,77.3,41.23
43,-93.71,77.3,41.25
25,-93.41,79.98,42.27
25,-93.31,79.86,42.11
25,-93.43,79.76,42.11
25,-93.21,79.74,41.95
33,-93.51,78.67,41.48
69,-93.42,78.55,41.49
132,-93.35,78.04,41.52
152,-93.36,78.04,41.45
138,-93.39,78.1,41.37
115,-93.4,78.34,41.47
107,-93.32,77.98,41.53
92,-93.57,77.79,41.61
91,-93.58,77.73,41.6
25,-93.65,77.41,41.55
28,-93.68,77.5,41.55
607,-93.58,77.73,41.46
243,-93.58,77.73,41.53
623,-93.6,77.69,41.32
788,-93.58,77.73,41.39
150,-93.6,77.56,41.22
284,-93.65,77.65,41.27
1028,-93.66,77.57,41.33
399,-93.62,77.49,41.29
584,-93.62,77.49,41.32
1376,-93.66,77.56,41.39
574,-93.61,77.48,41.4
717,-93.61,77.48,41.36
383,-93.61,77.44,41.32
478,-93.61,77.44,41.36
394,-93.61,77.44,41.4
599,-93.66,77.56,41.46
356,-93.61,77.48,41.44
198,-93.61,77.48,41.48
109,-93.66,77.55,41.53
155,-93.61,77.44,41.47
254,-93.61,77.44,41.44
99,-93.61,77.48,41.51
80,-93.63,77.44,41.51
87,-93.32,77.87,41.53
111,-93.33,77.87,41.45
93,-93.33,77.87,41.3
114,-93.33,77.87,41.37
89,-93.34,77.81,41.51
121,-93.43,77.77,41.53
125,-93.36,77.82,41.44
185,-93.44,77.77,41.46
117,-93.38,77.82,41.29
139,-93.37,77.82,41.37
218,-93.45,77.76,41.39
118,-93.41,77.76,41.27
197,-93.47,77.72,41.31
35,-93.41,78.76,41.49
59,-93.31,78.64,41.49
30,-93.31,78.64,41.33
28,-93.12,78.4,41.17
121,-93.31,78.09,41.45
53,-93.33,78.42,41.33
106,-93.31,78.09,41.37
87,-93.35,78.2,41.33
82,-93.31,78.09,41.29
32,-93.24,78.3,41.18
32,-93.25,78.14,41.14
48,-93.25,78.14,41.22
32,-93.2,78.08,41.14
46,-93.2,78.08,41.22
73,-93.26,78.03,41.29
73,-93.27,77.92,41.29
89,-93.26,78.03,41.37
87,-93.27,77.92,41.37
46,-93.21,77.97,41.22
94,-93.26,78.03,41.45
87,-93.27,77.92,41.45
42,-93.5,77.71,41.13
78,-93.48,77.7,41.19
148,-93.52,77.67,41.24
36,-93.54,77.66,41.12
69,-93.59,77.63,41.18
35,-93.57,77.55,41.13
89,-93.55,77.55,41.2
198,-93.6,77.53,41.25
30,-93.65,77.42,41.16
25,-93.63,77.49,41.13
246,-93.61,77.44,41.28
157,-93.64,77.49,41.23
54,-93.66,77.44,41.2
123,-93.65,77.42,41.24
61,-93.65,77.42,41.2
48,-93.62,77.39,41.2
91,-93.62,77.39,41.24
43,-93.22,77.86,41.22
51,-93.28,77.81,41.22
30,-93.22,77.86,41.14
34,-93.28,77.81,41.14
38,-93.34,77.76,41.14
61,-93.34,77.76,41.22
42,-93.4,77.71,41.14
74,-93.4,77.71,41.22
32,-93.21,77.97,41.14
25,-93.61,78.62,41.5
137,-93.52,78.5,41.65
195,-93.43,78.09,41.55
147,-93.42,78.03,41.6
165,-93.46,78.33,41.62
206,-93.45,78.17,41.5
120,-93.42,77.97,41.61
93,-93.41,77.88,41.61
42,-93.71,78.58,41.66
86,-93.71,78.59,41.81
244,-93.61,78.34,41.68
169,-93.65,78.46,41.81
287,-93.57,78.07,41.62
267,-93.57,78.18,41.65
93,-93.56,77.83,41.62
94,-93.56,77.98,41.68
62,-93.56,77.89,41.67
25,-93.57,77.78,41.68
162,-93.62,77.39,41.28
251,-93.62,77.39,41.32
159,-93.65,77.37,41.28
273,-93.65,77.37,41.32
300,-93.62,77.39,41.36
263,-93.62,77.39,41.4
353,-93.65,77.37,41.36
288,-93.65,77.37,41.4
149,-93.68,77.34,41.28
85,-93.7,77.32,41.27
133,-93.7,77.32,41.29
69,-93.71,77.3,41.27
113,-93.71,77.3,41.29
303,-93.68,77.34,41.32
125,-93.69,77.3,41.31
108,-93.7,77.29,41.31
161,-93.69,77.3,41.33
146,-93.7,77.29,41.33
431,-93.68,77.34,41.36
325,-93.68,77.34,41.4
189,-93.69,77.3,41.35
192,-93.69,77.3,41.37
177,-93.7,77.29,41.35
180,-93.7,77.29,41.37
129,-93.69,77.3,41.41
167,-93.69,77.3,41.39
112,-93.7,77.29,41.41
153,-93.7,77.29,41.39
180,-93.62,77.39,41.44
101,-93.62,77.39,41.48
176,-93.65,77.37,41.44
85,-93.65,77.37,41.48
50,-93.62,77.39,41.51
39,-93.65,77.37,41.51
28,-93.68,77.34,41.51
164,-93.68,77.34,41.44
67,-93.68,77.34,41.48
27,-93.69,77.3,41.49
41,-93.69,77.3,41.47
31,-93.7,77.29,41.47
62,-93.69,77.3,41.45
91,-93.69,77.3,41.43
48,-93.7,77.29,41.45
75,-93.7,77.29,41.43
57,-93.72,77.28,41.29
37,-93.72,77.28,41.27
25,-93.73,77.26,41.27
40,-93.73,77.26,41.29
87,-93.72,77.28,41.31
63,-93.73,77.26,41.31
124,-93.72,77.28,41.33
93,-93.73,77.26,41.33
39,-93.75,77.25,41.31
61,-93.75,77.25,41.33
31,-93.76,77.24,41.33
155,-93.72,77.28,41.35
159,-93.72,77.28,41.37
121,-93.73,77.26,41.35
124,-93.73,77.26,41.37
90,-93.72,77.28,41.41
130,-93.72,77.28,41.39
98,-93.73,77.26,41.39
64,-93.73,77.26,41.41
82,-93.75,77.25,41.35
42,-93.76,77.24,41.35
84,-93.75,77.25,41.37
43,-93.76,77.24,41.37
61,-93.75,77.25,41.39
38,-93.75,77.25,41.41
31,-93.76,77.24,41.39
35,-93.72,77.28,41.45
57,-93.72,77.28,41.43
38,-93.73,77.27,41.43
26,-93.62,77.39,41.16
29,-93.63,77.34,41.2
51,-93.63,77.34,41.24
41,-93.66,77.31,41.24
28,-93.69,77.29,41.24
25,-92.99,79.72,41.95
26,-92.99,79.72,42.11
25,-93.09,79.84,42.11
25,-93.19,79.96,42.26
25,-93.18,79.97,42.42
26,-93.4,79.99,42.42
25,-93.61,80.12,42.66
27,-93.52,79.89,42.42
25,-93.53,79.88,42.27
28,-93.3,79.87,42.42
30,-93.42,79.77,42.42
29,-93.43,79.76,42.27
28,-93.21,79.74,42.11
28,-93.31,79.86,42.27
30,-93.33,79.64,42.11
26,-93.33,79.64,41.95
33,-93.23,79.52,42.11
31,-93.23,79.52,41.95
30,-93.11,79.62,42.11
28,-93.11,79.62,41.95
27,-93.02,79.39,41.72
82,-93.31,78.64,41.64
73,-93.48,78.68,41.63
65,-93.41,78.76,41.64
93,-93.33,78.42,41.49
106,-93.41,78.55,41.64
103,-93.46,78.68,41.8
115,-93.31,78.09,41.53
102,-93.33,78.03,41.59
86,-93.26,78.03,41.53
129,-93.37,78.34,41.6
126,-93.33,78.2,41.48
76,-93.27,77.92,41.53
60,-93.3,77.87,41.6
79,-93.31,77.98,41.6
47,-93.6,77.66,41.61
28,-93.63,77.6,41.61
69,-93.42,77.77,41.61
45,-93.58,77.71,41.62
67,-93.44,77.71,41.6
25,-93.62,77.39,41.55
50,-93.61,77.47,41.55
37,-93.63,77.44,41.55
174,-93.45,77.7,41.45
611,-93.6,77.67,41.46
110,-93.45,77.7,41.53
202,-93.6,77.67,41.53
633,-93.63,77.62,41.46
161,-93.63,77.61,41.53
768,-93.61,77.67,41.34
202,-93.49,77.66,41.3
216,-93.46,77.71,41.38
920,-93.6,77.67,41.39
154,-93.56,77.62,41.23
868,-93.63,77.63,41.33
1130,-93.63,77.62,41.39
377,-93.58,77.53,41.31
220,-93.58,77.47,41.28
308,-93.58,77.47,41.32
465,-93.58,77.53,41.38
320,-93.58,77.47,41.4
365,-93.58,77.47,41.36
150,-93.56,77.44,41.28
202,-93.56,77.44,41.32
161,-93.59,77.42,41.28
230,-93.59,77.42,41.32
231,-93.56,77.44,41.36
212,-93.56,77.44,41.4
270,-93.59,77.42,41.36
241,-93.59,77.42,41.4
259,-93.58,77.52,41.46
154,-93.58,77.46,41.47
226,-93.58,77.46,41.44
92,-93.57,77.52,41.53
111,-93.56,77.45,41.48
161,-93.56,77.44,41.44
109,-93.59,77.42,41.48
174,-93.59,77.42,41.44
68,-93.56,77.44,41.51
61,-93.59,77.42,41.51
61,-93.28,77.81,41.53
75,-93.28,77.81,41.45
68,-93.28,77.81,41.3
78,-93.28,77.81,41.37
68,-93.33,77.75,41.53
92,-93.33,77.76,41.45
98,-93.37,77.69,41.45
69,-93.37,77.69,41.53
86,-93.34,77.76,41.3
100,-93.34,77.76,41.37
106,-93.39,77.71,41.29
116,-93.38,77.7,41.37
35,-93.29,78.86,41.49
49,-93.19,78.74,41.49
69,-93.21,78.52,41.49
30,-93.19,78.74,41.33
45,-93.21,78.52,41.33
60,-93.11,78.4,41.49
47,-93.11,78.4,41.33
26,-93.02,78.28,41.17
86,-93.23,78.3,41.49
91,-93.25,78.14,41.53
93,-93.25,78.14,41.45
71,-93.2,78.08,41.53
75,-93.2,78.08,41.45
64,-93.23,78.3,41.33
84,-93.25,78.14,41.37
68,-93.25,78.14,41.29
71,-93.2,78.08,41.37
60,-93.2,78.08,41.29
33,-93.14,78.18,41.18
29,-93.15,78.02,41.14
39,-93.15,78.02,41.22
59,-93.21,77.97,41.29
55,-93.22,77.86,41.29
69,-93.21,77.97,41.37
62,-93.22,77.86,41.37
32,-93.1,77.96,41.22
27,-93.16,77.91,41.14
37,-93.16,77.91,41.22
63,-93.21,77.97,41.53
53,-93.22,77.86,41.53
70,-93.21,77.97,41.45
61,-93.22,77.86,41.45
44,-93.46,77.66,41.14
82,-93.45,77.65,41.21
43,-93.52,77.6,41.14
88,-93.5,77.59,41.2
35,-93.53,77.5,41.14
85,-93.53,77.5,41.22
30,-93.59,77.45,41.14
88,-93.59,77.45,41.22
35,-93.6,77.36,41.2
58,-93.6,77.36,41.24
32,-93.17,77.8,41.22
37,-93.23,77.75,41.22
26,-93.23,77.75,41.14
29,-93.29,77.7,41.14
44,-93.29,77.7,41.22
32,-93.35,77.65,41.14
52,-93.35,77.65,41.22
75,-93.58,78.65,41.65
108,-93.57,78.66,41.81
164,-93.47,78.38,41.67
132,-93.51,78.52,41.8
144,-93.42,78.08,41.62
150,-93.43,78.2,41.65
71,-93.41,77.82,41.62
75,-93.4,77.98,41.68
59,-93.39,77.88,41.67
36,-93.41,77.76,41.69
112,-93.7,78.57,41.93
164,-93.61,78.33,41.8
120,-93.65,78.47,41.96
105,-93.56,78.17,41.78
142,-93.56,78.07,41.69
85,-93.57,78.23,41.83
34,-93.56,77.99,41.76
52,-93.56,77.92,41.7
31,-93.56,77.84,41.69
93,-93.6,77.36,41.28
130,-93.6,77.36,41.32
87,-93.63,77.34,41.28
131,-93.63,77.34,41.32
149,-93.6,77.36,41.36
134,-93.6,77.36,41.4
157,-93.63,77.34,41.36
135,-93.63,77.34,41.4
76,-93.66,77.31,41.28
57,-93.69,77.29,41.28
127,-93.66,77.31,41.32
78,-93.67,77.29,41.31
66,-93.69,77.27,41.31
95,-93.67,77.29,41.33
83,-93.69,77.27,41.33
159,-93.66,77.31,41.36
131,-93.66,77.31,41.4
107,-93.67,77.29,41.35
108,-93.67,77.29,41.37
95,-93.69,77.27,41.35
95,-93.69,77.27,41.37
78,-93.67,77.29,41.41
97,-93.67,77.29,41.39
66,-93.69,77.27,41.41
84,-93.69,77.27,41.39
98,-93.6,77.36,41.44
61,-93.6,77.36,41.48
91,-93.63,77.34,41.44
52,-93.63,77.34,41.48
36,-93.6,77.36,41.51
28,-93.63,77.34,41.51
79,-93.66,77.31,41.44
41,-93.66,77.31,41.48
30,-93.67,77.29,41.47
42,-93.67,77.29,41.45
59,-93.67,77.29,41.43
33,-93.69,77.28,41.45
48,-93.69,77.28,41.43
38,-93.7,77.26,41.29
26,-93.7,77.26,41.27
26,-93.72,77.25,41.29
52,-93.7,77.26,41.31
37,-93.72,77.25,41.31
67,-93.7,77.26,41.33
49,-93.72,77.25,41.33
32,-93.73,77.24,41.33
79,-93.7,77.26,41.35
79,-93.7,77.26,41.37
58,-93.72,77.25,41.35
59,-93.72,77.25,41.37
52,-93.7,77.26,41.41
68,-93.7,77.26,41.39
49,-93.72,77.25,41.39
36,-93.72,77.25,41.41
38,-93.73,77.24,41.35
38,-93.73,77.24,41.37
31,-93.73,77.24,41.39
36,-93.7,77.26,41.43
36,-93.57,77.33,41.24
31,-93.6,77.31,41.24
27,-93.41,79.88,42.66
27,-93.66,79.68,42.35
31,-93.22,79.63,42.34
31,-93.46,79.43,42.03
32,-93.02,79.39,42.03
56,-93.29,78.86,41.64
33,-93.26,79.19,41.72
62,-93.19,78.74,41.64
76,-93.21,78.52,41.64
58,-93.11,78.4,41.64
29,-92.82,79.15,41.72
82,-93.31,78.64,41.8
67,-93.29,78.86,41.8
63,-93.19,78.74,41.8
36,-93.5,78.99,41.72
27,-93.69,79.25,42.03
85,-93.41,78.76,41.8
63,-93.21,78.52,41.8
106,-93.33,78.42,41.64
92,-93.45,78.68,41.92
102,-93.39,78.56,41.8
79,-93.23,78.3,41.65
44,-93.11,78.4,41.8
52,-93.21,77.97,41.61
78,-93.25,78.14,41.61
61,-93.2,78.08,41.61
93,-93.3,78.09,41.61
71,-93.26,78.03,41.61
99,-93.31,78.21,41.64
58,-93.27,77.92,41.61
43,-93.29,77.87,41.67
44,-93.27,77.81,41.61
41,-93.22,77.86,41.61
54,-93.29,77.98,41.68
49,-93.48,77.63,41.61
39,-93.53,77.56,41.61
27,-93.31,77.75,41.68
45,-93.32,77.75,41.6
27,-93.44,77.68,41.69
47,-93.36,77.69,41.59
50,-93.45,77.68,41.62
28,-93.57,77.51,41.61
39,-93.56,77.44,41.55
33,-93.59,77.42,41.55
191,-93.49,77.64,41.46
108,-93.49,77.64,41.53
224,-93.53,77.58,41.46
104,-93.53,77.58,41.53
113,-93.43,77.65,41.28
234,-93.5,77.64,41.32
245,-93.49,77.64,41.38
287,-93.54,77.59,41.31
329,-93.53,77.58,41.38
165,-93.53,77.49,41.3
196,-93.52,77.49,41.38
93,-93.54,77.41,41.28
117,-93.54,77.41,41.32
95,-93.57,77.39,41.28
126,-93.57,77.39,41.32
130,-93.54,77.41,41.36
121,-93.54,77.41,41.4
141,-93.57,77.39,41.36
129,-93.57,77.39,41.4
129,-93.52,77.49,41.45
60,-93.52,77.48,41.53
71,-93.54,77.41,41.47
97,-93.54,77.41,41.44
68,-93.57,77.39,41.48
100,-93.57,77.39,41.44
47,-93.54,77.41,41.51
42,-93.57,77.39,41.51
41,-93.23,77.75,41.53
49,-93.23,77.75,41.45
47,-93.23,77.75,41.3
52,-93.23,77.75,41.37
47,-93.29,77.7,41.53
60,-93.29,77.7,41.45
72,-93.35,77.65,41.45
52,-93.34,77.65,41.53
58,-93.29,77.7,41.3
65,-93.29,77.7,41.37
74,-93.35,77.65,41.3
82,-93.35,77.65,41.37
28,-93.06,78.95,41.41
51,-93.09,78.62,41.49
38,-93.09,78.62,41.33
44,-92.99,78.5,41.49
44,-93.01,78.28,41.49
36,-92.99,78.5,41.33
38,-93.01,78.28,41.33
61,-93.13,78.18,41.49
53,-93.15,78.02,41.53
57,-93.15,78.02,41.45
53,-93.13,78.18,41.33
56,-93.15,78.02,41.37
49,-93.15,78.02,41.29
25,-93.04,78.06,41.18
42,-93.1,77.96,41.37
38,-93.1,77.96,41.29
45,-93.16,77.91,41.29
39,-93.17,77.8,41.29
51,-93.16,77.91,41.37
43,-93.17,77.8,41.37
28,-93.11,77.85,41.22
39,-93.1,77.96,41.53
43,-93.1,77.96,41.45
45,-93.16,77.91,41.53
36,-93.17,77.8,41.53
51,-93.16,77.91,41.45
42,-93.17,77.8,41.45
29,-92.91,78.16,41.49
27,-92.91,78.16,41.33
35,-93.41,77.6,41.14
63,-93.41,77.6,41.22
36,-93.47,77.55,41.14
74,-93.47,77.55,41.22
45,-93.48,77.44,41.22
43,-93.54,77.39,41.22
26,-93.18,77.69,41.22
29,-93.24,77.64,41.22
33,-93.3,77.59,41.22
33,-93.69,78.84,41.73
102,-93.55,78.64,41.93
111,-93.45,78.37,41.8
87,-93.49,78.53,41.96
75,-93.4,78.2,41.78
95,-93.41,78.07,41.69
67,-93.41,78.26,41.83
43,-93.38,77.98,41.76
54,-93.39,77.92,41.7
43,-93.39,77.83,41.69
106,-93.71,78.61,41.99
61,-93.6,78.34,41.96
60,-93.64,78.46,42.07
31,-93.55,78.06,41.81
53,-93.57,77.33,41.28
68,-93.57,77.33,41.32
47,-93.6,77.31,41.28
63,-93.6,77.31,41.32
75,-93.57,77.33,41.36
69,-93.57,77.33,41.4
71,-93.6,77.31,41.36
64,-93.6,77.31,41.4
38,-93.63,77.28,41.28
27,-93.66,77.26,41.28
54,-93.63,77.28,41.32
39,-93.66,77.26,41.32
63,-93.63,77.28,41.36
54,-93.63,77.28,41.4
46,-93.66,77.26,41.36
39,-93.66,77.26,41.4
54,-93.57,77.33,41.44
37,-93.57,77.33,41.48
47,-93.6,77.31,41.44
31,-93.6,77.31,41.48
38,-93.63,77.28,41.44
25,-93.66,77.26,41.44
28,-93.69,77.23,41.36
25,-93.21,79.64,42.66
28,-93.65,79.68,42.66
35,-93.46,79.43,42.35
28,-93.02,79.39,42.34
44,-93.26,79.19,42.03
28,-92.82,79.15,42.03
44,-93.06,78.95,41.72
50,-93.09,78.62,41.8
56,-93.09,78.62,41.64
37,-92.99,78.5,41.8
44,-92.99,78.5,41.64
39,-93.01,78.28,41.64
45,-93.15,78.02,41.61
34,-93.1,77.96,41.61
37,-93.16,77.91,41.61
25,-92.91,78.16,41.64
29,-93.17,77.8,41.61
31,-93.23,77.75,41.61
63,-93.31,78.64,41.96
63,-93.29,78.86,41.96
52,-93.19,78.74,41.96
34,-93.67,79.26,42.35
57,-93.48,79.01,42.03
79,-93.41,78.76,41.95
43,-93.21,78.52,41.96
79,-93.32,78.43,41.8
71,-93.38,78.57,41.94
29,-93.01,78.28,41.8
51,-93.13,78.18,41.64
28,-93.11,78.4,41.96
52,-93.23,78.3,41.8
36,-93.15,78.02,41.68
27,-93.1,77.96,41.68
39,-93.21,77.97,41.68
29,-93.16,77.91,41.68
63,-93.25,78.14,41.68
48,-93.2,78.08,41.68
58,-93.29,78.2,41.76
68,-93.3,78.09,41.68
53,-93.26,78.03,41.68
36,-93.28,77.98,41.75
41,-93.26,77.92,41.68
30,-93.22,77.86,41.69
30,-93.27,77.81,41.68
32,-93.4,77.59,41.61
30,-93.45,77.53,41.6
33,-93.29,77.7,41.61
33,-93.34,77.65,41.61
27,-93.51,77.48,41.6
30,-93.54,77.41,41.55
26,-93.57,77.39,41.55
87,-93.4,77.59,41.45
57,-93.4,77.59,41.53
105,-93.46,77.54,41.45
59,-93.46,77.54,41.53
96,-93.41,77.6,41.3
106,-93.41,77.6,41.37
124,-93.47,77.54,41.3
139,-93.46,77.54,41.38
75,-93.48,77.44,41.3
87,-93.48,77.44,41.38
57,-93.51,77.38,41.28
69,-93.51,77.38,41.32
56,-93.54,77.36,41.28
70,-93.54,77.36,41.32
75,-93.51,77.38,41.36
71,-93.51,77.38,41.4
76,-93.54,77.36,41.36
71,-93.54,77.36,41.4
65,-93.48,77.44,41.45
36,-93.48,77.44,41.53
45,-93.51,77.38,41.47
59,-93.51,77.38,41.44
42,-93.54,77.36,41.48
58,-93.54,77.36,41.44
32,-93.51,77.38,41.51
28,-93.54,77.36,41.51
27,-93.18,77.69,41.53
32,-93.18,77.69,41.45
31,-93.18,77.69,41.29
34,-93.18,77.69,41.37
30,-93.24,77.64,41.53
37,-93.24,77.64,41.45
43,-93.3,77.59,41.45
32,-93.3,77.59,41.53
37,-93.24,77.64,41.3
40,-93.24,77.64,41.37
44,-93.3,77.59,41.3
48,-93.3,77.59,41.37
29,-92.86,78.71,41.41
33,-92.89,78.38,41.49
29,-92.89,78.38,41.33
38,-93.03,78.06,41.49
36,-93.03,78.06,41.33
31,-93.05,77.9,41.37
29,-93.05,77.9,41.29
33,-93.11,77.85,41.29
27,-93.12,77.74,41.29
36,-93.11,77.85,41.37
29,-93.12,77.74,41.37
28,-93.05,77.9,41.53
31,-93.05,77.9,41.45
32,-93.11,77.85,41.53
36,-93.11,77.85,41.45
28,-93.12,77.74,41.45
38,-93.36,77.54,41.22
42,-93.42,77.49,41.22
59,-93.66,78.87,42.04
97,-93.56,78.69,41.98
52,-93.43,78.39,41.96
50,-93.46,78.53,42.07
38,-93.38,78.07,41.81
29,-93.38,78.25,41.96
86,-93.7,78.6,42.11
49,-93.65,78.49,42.13
30,-93.55,77.3,41.28
36,-93.55,77.3,41.32
26,-93.58,77.28,41.28
32,-93.58,77.28,41.32
39,-93.55,77.3,41.36
37,-93.55,77.3,41.4
35,-93.58,77.28,41.36
32,-93.58,77.28,41.4
26,-93.61,77.25,41.32
28,-93.61,77.25,41.36
26,-93.61,77.25,41.4
30,-93.55,77.3,41.44
25,-93.58,77.28,41.44
28,-93.45,79.44,42.66
35,-93.26,79.19,42.35
39,-93.06,78.95,42.03
38,-93.09,78.62,41.96
27,-92.99,78.5,41.95
33,-92.86,78.71,41.72
25,-92.89,78.38,41.8
31,-92.89,78.38,41.64
30,-93.03,78.06,41.64
26,-93.11,77.85,41.61
25,-93.09,78.62,42.11
50,-93.29,78.86,42.11
38,-93.19,78.74,42.11
40,-93.46,79.02,42.35
58,-93.39,78.77,42.11
40,-93.3,78.64,42.11
25,-93.21,78.52,42.11
46,-93.3,78.44,41.95
42,-93.35,78.56,42.06
33,-93.13,78.18,41.8
28,-93.22,78.31,41.95
34,-93.23,78.08,41.79
50,-93.36,77.54,41.45
35,-93.36,77.54,41.53
57,-93.42,77.49,41.45
36,-93.42,77.49,41.53
53,-93.36,77.54,41.3
58,-93.36,77.54,41.38
63,-93.42,77.49,41.3
71,-93.42,77.49,41.38
31,-93.43,77.38,41.3
34,-93.43,77.38,41.38
29,-93.49,77.33,41.3
33,-93.49,77.33,41.38
28,-93.43,77.38,41.45
25,-93.49,77.33,41.46
25,-93.25,77.53,41.3
27,-93.25,77.53,41.37
25,-93.06,77.79,41.37
36,-93.64,78.88,42.35
69,-93.53,78.69,42.11
43,-93.47,78.57,42.13
26,-93.31,77.48,41.45
28,-93.37,77.43,41.45
28,-93.31,77.48,41.3
30,-93.31,77.48,41.37
30,-93.37,77.43,41.3
33,-93.37,77.43,41.38
